threshold,accuracy,sensitivity,specificity,f1,roc_auc,sens_minus_spec
0.01,0.4670846394984326,1.0,0.06077348066298342,0.6188340807174888,0.8389783009047964,0.9392265193370166
0.015,0.4952978056426332,1.0,0.11049723756906077,0.631578947368421,0.8389783009047964,0.8895027624309393
0.02,0.5078369905956113,1.0,0.13259668508287292,0.6374133949191686,0.8389783009047964,0.8674033149171271
0.025,0.5517241379310345,0.9927536231884058,0.2154696132596685,0.657074340527578,0.8389783009047964,0.7772840099287373
0.03,0.5517241379310345,0.9927536231884058,0.2154696132596685,0.657074340527578,0.8389783009047964,0.7772840099287373
0.035,0.5579937304075235,0.9927536231884058,0.2265193370165746,0.6602409638554216,0.8389783009047964,0.7662342861718312
0.04,0.5579937304075235,0.9927536231884058,0.2265193370165746,0.6602409638554216,0.8389783009047964,0.7662342861718312
0.045,0.5611285266457681,0.9927536231884058,0.23204419889502761,0.6618357487922706,0.8389783009047964,0.7607094242933782
0.05,0.5642633228840125,0.9927536231884058,0.23756906077348067,0.6634382566585957,0.8389783009047964,0.7551845624149252
0.055,0.567398119122257,0.9927536231884058,0.2430939226519337,0.6650485436893204,0.8389783009047964,0.749659700536472
0.06,0.5736677115987461,0.9927536231884058,0.2541436464088398,0.6682926829268293,0.8389783009047964,0.738609976779566
0.065,0.5862068965517241,0.9927536231884058,0.27624309392265195,0.6748768472906403,0.8389783009047964,0.7165105292657539
0.07,0.6018808777429467,0.9927536231884058,0.30386740331491713,0.683291770573566,0.8389783009047964,0.6888862198734886
0.075,0.6050156739811913,0.9927536231884058,0.30939226519337015,0.685,0.8389783009047964,0.6833613579950356
0.08,0.6018808777429467,0.9855072463768116,0.30939226519337015,0.681704260651629,0.8389783009047964,0.6761149811834415
0.085,0.6018808777429467,0.9855072463768116,0.30939226519337015,0.681704260651629,0.8389783009047964,0.6761149811834415
0.09,0.6144200626959248,0.9855072463768116,0.3314917127071823,0.6886075949367089,0.8389783009047964,0.6540155336696294
0.095,0.6363636363636364,0.9855072463768116,0.3701657458563536,0.7010309278350515,0.8389783009047964,0.6153415005204581
0.1,0.6426332288401254,0.9855072463768116,0.3812154696132597,0.7046632124352331,0.8389783009047964,0.604291776763552
0.105,0.64576802507837,0.9855072463768116,0.3867403314917127,0.7064935064935065,0.8389783009047964,0.5987669148850989
0.11,0.64576802507837,0.9855072463768116,0.3867403314917127,0.7064935064935065,0.8389783009047964,0.5987669148850989
0.115,0.64576802507837,0.9855072463768116,0.3867403314917127,0.7064935064935065,0.8389783009047964,0.5987669148850989
0.12,0.6520376175548589,0.9855072463768116,0.39779005524861877,0.7101827676240209,0.8389783009047964,0.5877171911281929
0.125,0.6489028213166145,0.9782608695652174,0.39779005524861877,0.7068062827225131,0.8389783009047964,0.5804708143165986
0.13,0.6489028213166145,0.9782608695652174,0.39779005524861877,0.7068062827225131,0.8389783009047964,0.5804708143165986
0.135,0.6489028213166145,0.9782608695652174,0.39779005524861877,0.7068062827225131,0.8389783009047964,0.5804708143165986
0.14,0.658307210031348,0.9782608695652174,0.4143646408839779,0.712401055408971,0.8389783009047964,0.5638962286812395
0.145,0.658307210031348,0.9782608695652174,0.4143646408839779,0.712401055408971,0.8389783009047964,0.5638962286812395
0.15,0.658307210031348,0.9782608695652174,0.4143646408839779,0.712401055408971,0.8389783009047964,0.5638962286812395
0.155,0.677115987460815,0.9782608695652174,0.44751381215469616,0.7238605898123325,0.8389783009047964,0.5307470574105213
0.16,0.6896551724137931,0.9782608695652174,0.4696132596685083,0.7317073170731707,0.8389783009047964,0.5086476098967091
0.165,0.6865203761755486,0.9637681159420289,0.47513812154696133,0.726775956284153,0.8389783009047964,0.4886299943950676
0.17,0.6833855799373041,0.9565217391304348,0.47513812154696133,0.7232876712328767,0.8389783009047964,0.4813836175834735
0.175,0.7021943573667712,0.9565217391304348,0.5082872928176796,0.7353760445682451,0.8389783009047964,0.4482344463127552
0.18,0.7021943573667712,0.9565217391304348,0.5082872928176796,0.7353760445682451,0.8389783009047964,0.4482344463127552
0.185,0.7084639498432602,0.9565217391304348,0.5193370165745856,0.7394957983193278,0.8389783009047964,0.43718472255584917
0.19,0.7053291536050157,0.9492753623188406,0.5193370165745856,0.7359550561797753,0.8389783009047964,0.42993834574425493
0.195,0.7021943573667712,0.9420289855072463,0.5193370165745856,0.7323943661971831,0.8389783009047964,0.4226919689326607
0.2,0.7053291536050157,0.9420289855072463,0.5248618784530387,0.7344632768361582,0.8389783009047964,0.4171671070542077
0.205,0.7115987460815048,0.9420289855072463,0.5359116022099447,0.7386363636363636,0.8389783009047964,0.4061173832973016
0.21,0.7147335423197492,0.9420289855072463,0.5414364640883977,0.7407407407407407,0.8389783009047964,0.4005925214188486
0.215,0.7178683385579937,0.9420289855072463,0.5469613259668509,0.7428571428571429,0.8389783009047964,0.39506765954039547
0.22,0.7178683385579937,0.9420289855072463,0.5469613259668509,0.7428571428571429,0.8389783009047964,0.39506765954039547
0.225,0.7210031347962382,0.9420289855072463,0.5524861878453039,0.7449856733524355,0.8389783009047964,0.38954279766194244
0.23,0.7272727272727273,0.9420289855072463,0.56353591160221,0.7492795389048992,0.8389783009047964,0.3784930739050364
0.235,0.7241379310344828,0.9347826086956522,0.56353591160221,0.7456647398843931,0.8389783009047964,0.37124669709344227
0.24,0.7335423197492164,0.9347826086956522,0.580110497237569,0.7521865889212828,0.8389783009047964,0.3546721114580832
0.245,0.7335423197492164,0.9347826086956522,0.580110497237569,0.7521865889212828,0.8389783009047964,0.3546721114580832
0.25,0.7398119122257053,0.9347826086956522,0.5911602209944752,0.7565982404692082,0.8389783009047964,0.34362238770117703
0.255,0.7460815047021944,0.9347826086956522,0.6022099447513812,0.7610619469026548,0.8389783009047964,0.332572663944271
0.26,0.7460815047021944,0.9347826086956522,0.6022099447513812,0.7610619469026548,0.8389783009047964,0.332572663944271
0.265,0.7460815047021944,0.9130434782608695,0.6187845303867403,0.7567567567567568,0.8389783009047964,0.2942589478741292
0.27,0.7460815047021944,0.9130434782608695,0.6187845303867403,0.7567567567567568,0.8389783009047964,0.2942589478741292
0.275,0.7492163009404389,0.9130434782608695,0.6243093922651933,0.7590361445783133,0.8389783009047964,0.2887340859956762
0.28,0.7492163009404389,0.9130434782608695,0.6243093922651933,0.7590361445783133,0.8389783009047964,0.2887340859956762
0.285,0.7523510971786834,0.9130434782608695,0.6298342541436464,0.7613293051359517,0.8389783009047964,0.28320922411722316
0.29,0.7523510971786834,0.9130434782608695,0.6298342541436464,0.7613293051359517,0.8389783009047964,0.28320922411722316
0.295,0.7523510971786834,0.9130434782608695,0.6298342541436464,0.7613293051359517,0.8389783009047964,0.28320922411722316
0.3,0.7554858934169278,0.9130434782608695,0.6353591160220995,0.7636363636363637,0.8389783009047964,0.27768436223877
0.305,0.7617554858934169,0.9130434782608695,0.6464088397790055,0.7682926829268293,0.8389783009047964,0.266634638481864
0.31,0.7586206896551724,0.9057971014492754,0.6464088397790055,0.764525993883792,0.8389783009047964,0.25938826167026985
0.315,0.7586206896551724,0.9057971014492754,0.6464088397790055,0.764525993883792,0.8389783009047964,0.25938826167026985
0.32,0.7554858934169278,0.8985507246376812,0.6464088397790055,0.7607361963190185,0.8389783009047964,0.2521418848586756
0.325,0.7586206896551724,0.8985507246376812,0.6519337016574586,0.7630769230769231,0.8389783009047964,0.2466170229802226
0.33,0.7460815047021944,0.8695652173913043,0.6519337016574586,0.7476635514018691,0.8389783009047964,0.21763151573384576
0.335,0.7460815047021944,0.8695652173913043,0.6519337016574586,0.7476635514018691,0.8389783009047964,0.21763151573384576
0.34,0.7492163009404389,0.8695652173913043,0.6574585635359116,0.75,0.8389783009047964,0.21210665385539273
0.345,0.7523510971786834,0.8695652173913043,0.6629834254143646,0.7523510971786834,0.8389783009047964,0.2065817919769397
0.35,0.7460815047021944,0.8478260869565217,0.6685082872928176,0.7428571428571429,0.8389783009047964,0.1793177996637041
0.355,0.7460815047021944,0.8478260869565217,0.6685082872928176,0.7428571428571429,0.8389783009047964,0.1793177996637041
0.36,0.7460815047021944,0.8478260869565217,0.6685082872928176,0.7428571428571429,0.8389783009047964,0.1793177996637041
0.365,0.7460815047021944,0.8478260869565217,0.6685082872928176,0.7428571428571429,0.8389783009047964,0.1793177996637041
0.37,0.7460815047021944,0.8478260869565217,0.6685082872928176,0.7428571428571429,0.8389783009047964,0.1793177996637041
0.375,0.7460815047021944,0.8478260869565217,0.6685082872928176,0.7428571428571429,0.8389783009047964,0.1793177996637041
0.38,0.7460815047021944,0.8478260869565217,0.6685082872928176,0.7428571428571429,0.8389783009047964,0.1793177996637041
0.385,0.7460815047021944,0.8478260869565217,0.6685082872928176,0.7428571428571429,0.8389783009047964,0.1793177996637041
0.39,0.7460815047021944,0.8478260869565217,0.6685082872928176,0.7428571428571429,0.8389783009047964,0.1793177996637041
0.395,0.7460815047021944,0.8405797101449275,0.6740331491712708,0.7412140575079872,0.8389783009047964,0.16654656097365672
0.4,0.7492163009404389,0.8405797101449275,0.6795580110497238,0.7435897435897436,0.8389783009047964,0.1610216990952037
0.405,0.7523510971786834,0.8405797101449275,0.6850828729281768,0.7459807073954984,0.8389783009047964,0.15549683721675067
0.41,0.7523510971786834,0.8405797101449275,0.6850828729281768,0.7459807073954984,0.8389783009047964,0.15549683721675067
0.415,0.7492163009404389,0.8333333333333334,0.6850828729281768,0.7419354838709677,0.8389783009047964,0.14825046040515655
0.42,0.7523510971786834,0.8333333333333334,0.6906077348066298,0.7443365695792881,0.8389783009047964,0.14272559852670352
0.425,0.7492163009404389,0.8260869565217391,0.6906077348066298,0.7402597402597403,0.8389783009047964,0.1354792217151093
0.43,0.7523510971786834,0.8188405797101449,0.7016574585635359,0.740983606557377,0.8389783009047964,0.117183121146609
0.435,0.7554858934169278,0.8188405797101449,0.7071823204419889,0.743421052631579,0.8389783009047964,0.11165825926815598
0.44,0.7586206896551724,0.8188405797101449,0.712707182320442,0.7458745874587459,0.8389783009047964,0.10613339738970295
0.445,0.7586206896551724,0.8188405797101449,0.712707182320442,0.7458745874587459,0.8389783009047964,0.10613339738970295
0.45,0.7554858934169278,0.8115942028985508,0.712707182320442,0.7417218543046358,0.8389783009047964,0.09888702057810883
0.455,0.7554858934169278,0.8115942028985508,0.712707182320442,0.7417218543046358,0.8389783009047964,0.09888702057810883
0.46,0.7492163009404389,0.7971014492753623,0.712707182320442,0.7333333333333333,0.8389783009047964,0.08439426695492036
0.465,0.7523510971786834,0.782608695652174,0.7292817679558011,0.7322033898305085,0.8389783009047964,0.05332692769637282
0.47,0.7492163009404389,0.7753623188405797,0.7292817679558011,0.7278911564625851,0.8389783009047964,0.04608055088477858
0.475,0.7492163009404389,0.7753623188405797,0.7292817679558011,0.7278911564625851,0.8389783009047964,0.04608055088477858
0.48,0.7460815047021944,0.7608695652173914,0.7348066298342542,0.7216494845360825,0.8389783009047964,0.026062935383137198
0.485,0.7429467084639498,0.7463768115942029,0.7403314917127072,0.7152777777777778,0.8389783009047964,0.006045319881495703
0.49,0.7398119122257053,0.7391304347826086,0.7403314917127072,0.710801393728223,0.8389783009047964,-0.0012010569300985319
0.495,0.7492163009404389,0.7318840579710145,0.7624309392265194,0.7163120567375887,0.8389783009047964,-0.030546881255504865
0.5,0.7523510971786834,0.7246376811594203,0.7734806629834254,0.7168458781362007,0.8389783009047964,-0.04884298182400515
0.505,0.7523510971786834,0.717391304347826,0.7790055248618785,0.7148014440433214,0.8389783009047964,-0.06161422051405241
0.51,0.7523510971786834,0.717391304347826,0.7790055248618785,0.7148014440433214,0.8389783009047964,-0.06161422051405241
0.515,0.7492163009404389,0.7028985507246377,0.7845303867403315,0.708029197080292,0.8389783009047964,-0.08163183601569379
0.52,0.7492163009404389,0.6956521739130435,0.7900552486187845,0.7058823529411765,0.8389783009047964,-0.09440307470574105
0.525,0.7492163009404389,0.6884057971014492,0.7955801104972375,0.7037037037037037,0.8389783009047964,-0.10717431339578831
0.53,0.7429467084639498,0.6739130434782609,0.7955801104972375,0.6940298507462687,0.8389783009047964,-0.12166706701897667
0.535,0.7398119122257053,0.6666666666666666,0.7955801104972375,0.6891385767790262,0.8389783009047964,-0.1289134438305709
0.54,0.7366771159874608,0.6594202898550725,0.7955801104972375,0.6842105263157895,0.8389783009047964,-0.13615982064216503
0.545,0.7335423197492164,0.644927536231884,0.8011049723756906,0.6768060836501901,0.8389783009047964,-0.15617743614380653
0.55,0.7335423197492164,0.644927536231884,0.8011049723756906,0.6768060836501901,0.8389783009047964,-0.15617743614380653
0.555,0.7335423197492164,0.6376811594202898,0.8066298342541437,0.6743295019157088,0.8389783009047964,-0.1689486748338539
0.56,0.7241379310344828,0.6159420289855072,0.8066298342541437,0.6589147286821705,0.8389783009047964,-0.1906878052686365
0.565,0.7210031347962382,0.6086956521739131,0.8066298342541437,0.6536964980544747,0.8389783009047964,-0.19793418208023061
0.57,0.7210031347962382,0.6086956521739131,0.8066298342541437,0.6536964980544747,0.8389783009047964,-0.19793418208023061
0.575,0.7178683385579937,0.6014492753623188,0.8066298342541437,0.6484375,0.8389783009047964,-0.20518055889182485
0.58,0.7241379310344828,0.5797101449275363,0.8342541436464088,0.6451612903225806,0.8389783009047964,-0.25454399871887257
0.585,0.7241379310344828,0.572463768115942,0.8397790055248618,0.6422764227642277,0.8389783009047964,-0.2673152374089198
0.59,0.7210031347962382,0.5652173913043478,0.8397790055248618,0.636734693877551,0.8389783009047964,-0.27456161422051406
0.595,0.7210031347962382,0.5579710144927537,0.8453038674033149,0.6337448559670782,0.8389783009047964,-0.2873328529105612
0.6,0.7178683385579937,0.5434782608695652,0.850828729281768,0.625,0.8389783009047964,-0.3073504684122028
0.605,0.7115987460815048,0.5217391304347826,0.856353591160221,0.6101694915254238,0.8389783009047964,-0.33461446072543843
0.61,0.7053291536050157,0.5072463768115942,0.856353591160221,0.5982905982905983,0.8389783009047964,-0.3491072143486268
0.615,0.7084639498432602,0.4927536231884058,0.8729281767955801,0.5938864628820961,0.8389783009047964,-0.3801745536071743
0.62,0.7115987460815048,0.4927536231884058,0.8784530386740331,0.5964912280701754,0.8389783009047964,-0.3856994154856273
0.625,0.6927899686520376,0.4492753623188406,0.8784530386740331,0.5585585585585585,0.8389783009047964,-0.42917767635519255
0.63,0.6865203761755486,0.427536231884058,0.8839779005524862,0.5412844036697247,0.8389783009047964,-0.45644166866842817
0.635,0.6990595611285266,0.427536231884058,0.9060773480662984,0.5514018691588785,0.8389783009047964,-0.4785411161822404
0.64,0.6959247648902821,0.42028985507246375,0.9060773480662984,0.5446009389671361,0.8389783009047964,-0.4857874929938346
0.645,0.6896551724137931,0.4057971014492754,0.9060773480662984,0.5308056872037915,0.8389783009047964,-0.500280246617023
0.65,0.6959247648902821,0.4057971014492754,0.9171270718232044,0.5358851674641149,0.8389783009047964,-0.511329970373929
0.655,0.6990595611285266,0.4057971014492754,0.9226519337016574,0.5384615384615384,0.8389783009047964,-0.516854832252382
0.66,0.7021943573667712,0.391304347826087,0.9392265193370166,0.5320197044334976,0.8389783009047964,-0.5479221715109297
0.665,0.6959247648902821,0.37681159420289856,0.9392265193370166,0.5174129353233831,0.8389783009047964,-0.5624149251341181
0.67,0.6927899686520376,0.3695652173913043,0.9392265193370166,0.51,0.8389783009047964,-0.5696613019457123
0.675,0.6896551724137931,0.36231884057971014,0.9392265193370166,0.5025125628140703,0.8389783009047964,-0.5769076787573064
0.68,0.6959247648902821,0.36231884057971014,0.9502762430939227,0.5076142131979695,0.8389783009047964,-0.5879574025142125
0.685,0.6896551724137931,0.34782608695652173,0.9502762430939227,0.49230769230769234,0.8389783009047964,-0.6024501561374009
0.69,0.6896551724137931,0.34782608695652173,0.9502762430939227,0.49230769230769234,0.8389783009047964,-0.6024501561374009
0.695,0.6927899686520376,0.34782608695652173,0.9558011049723757,0.4948453608247423,0.8389783009047964,-0.607975018015854
0.7,0.6959247648902821,0.34782608695652173,0.9613259668508287,0.49740932642487046,0.8389783009047964,-0.613499879894307
0.705,0.6959247648902821,0.34057971014492755,0.9668508287292817,0.49214659685863876,0.8389783009047964,-0.6262711185843541
0.71,0.6959247648902821,0.34057971014492755,0.9668508287292817,0.49214659685863876,0.8389783009047964,-0.6262711185843541
0.715,0.6959247648902821,0.34057971014492755,0.9668508287292817,0.49214659685863876,0.8389783009047964,-0.6262711185843541
0.72,0.6927899686520376,0.3333333333333333,0.9668508287292817,0.4842105263157895,0.8389783009047964,-0.6335174953959484
0.725,0.6959247648902821,0.3333333333333333,0.9723756906077348,0.48677248677248675,0.8389783009047964,-0.6390423572744015
0.73,0.6927899686520376,0.32608695652173914,0.9723756906077348,0.4787234042553192,0.8389783009047964,-0.6462887340859956
0.735,0.6927899686520376,0.32608695652173914,0.9723756906077348,0.4787234042553192,0.8389783009047964,-0.6462887340859956
0.74,0.6896551724137931,0.3188405797101449,0.9723756906077348,0.47058823529411764,0.8389783009047964,-0.6535351108975899
0.745,0.6896551724137931,0.3115942028985507,0.9779005524861878,0.4648648648648649,0.8389783009047964,-0.6663063495876371
0.75,0.6833855799373041,0.2971014492753623,0.9779005524861878,0.44808743169398907,0.8389783009047964,-0.6807991032108255
0.755,0.6833855799373041,0.2971014492753623,0.9779005524861878,0.44808743169398907,0.8389783009047964,-0.6807991032108255
0.76,0.6833855799373041,0.2898550724637681,0.9834254143646409,0.4419889502762431,0.8389783009047964,-0.6935703419008727
0.765,0.6739811912225705,0.26811594202898553,0.9834254143646409,0.4157303370786517,0.8389783009047964,-0.7153094723356554
0.77,0.670846394984326,0.2608695652173913,0.9834254143646409,0.4067796610169492,0.8389783009047964,-0.7225558491472497
0.775,0.6677115987460815,0.2536231884057971,0.9834254143646409,0.3977272727272727,0.8389783009047964,-0.7298022259588438
0.78,0.670846394984326,0.2536231884057971,0.988950276243094,0.4,0.8389783009047964,-0.7353270878372968
0.785,0.664576802507837,0.2391304347826087,0.988950276243094,0.3815028901734104,0.8389783009047964,-0.7498198414604853
0.79,0.6614420062695925,0.2318840579710145,0.988950276243094,0.37209302325581395,0.8389783009047964,-0.7570662182720794
0.795,0.6551724137931034,0.21739130434782608,0.988950276243094,0.35294117647058826,0.8389783009047964,-0.7715589718952679
0.8,0.6551724137931034,0.21739130434782608,0.988950276243094,0.35294117647058826,0.8389783009047964,-0.7715589718952679
0.805,0.6520376175548589,0.21014492753623187,0.988950276243094,0.3431952662721893,0.8389783009047964,-0.778805348706862
0.81,0.6426332288401254,0.18840579710144928,0.988950276243094,0.3132530120481928,0.8389783009047964,-0.8005444791416447
0.815,0.6426332288401254,0.18840579710144928,0.988950276243094,0.3132530120481928,0.8389783009047964,-0.8005444791416447
0.82,0.6394984326018809,0.18115942028985507,0.988950276243094,0.30303030303030304,0.8389783009047964,-0.8077908559532389
0.825,0.6394984326018809,0.18115942028985507,0.988950276243094,0.30303030303030304,0.8389783009047964,-0.8077908559532389
0.83,0.6394984326018809,0.18115942028985507,0.988950276243094,0.30303030303030304,0.8389783009047964,-0.8077908559532389
0.835,0.6394984326018809,0.18115942028985507,0.988950276243094,0.30303030303030304,0.8389783009047964,-0.8077908559532389
0.84,0.6363636363636364,0.17391304347826086,0.988950276243094,0.2926829268292683,0.8389783009047964,-0.8150372327648331
0.845,0.6363636363636364,0.17391304347826086,0.988950276243094,0.2926829268292683,0.8389783009047964,-0.8150372327648331
0.85,0.6363636363636364,0.16666666666666666,0.994475138121547,0.2839506172839506,0.8389783009047964,-0.8278084714548803
0.855,0.6332288401253918,0.15942028985507245,0.994475138121547,0.2732919254658385,0.8389783009047964,-0.8350548482664746
0.86,0.6332288401253918,0.15942028985507245,0.994475138121547,0.2732919254658385,0.8389783009047964,-0.8350548482664746
0.865,0.6332288401253918,0.15942028985507245,0.994475138121547,0.2732919254658385,0.8389783009047964,-0.8350548482664746
0.87,0.6332288401253918,0.15942028985507245,0.994475138121547,0.2732919254658385,0.8389783009047964,-0.8350548482664746
0.875,0.6332288401253918,0.15942028985507245,0.994475138121547,0.2732919254658385,0.8389783009047964,-0.8350548482664746
0.88,0.6206896551724138,0.13043478260869565,0.994475138121547,0.22929936305732485,0.8389783009047964,-0.8640403555128513
0.885,0.6175548589341693,0.12318840579710146,0.994475138121547,0.21794871794871795,0.8389783009047964,-0.8712867323244455
0.89,0.6175548589341693,0.11594202898550725,1.0,0.2077922077922078,0.8389783009047964,-0.8840579710144928
0.895,0.6112852664576802,0.10144927536231885,1.0,0.18421052631578946,0.8389783009047964,-0.8985507246376812
0.9,0.6081504702194357,0.09420289855072464,1.0,0.17218543046357615,0.8389783009047964,-0.9057971014492754
0.905,0.5987460815047022,0.07246376811594203,1.0,0.13513513513513514,0.8389783009047964,-0.927536231884058
0.91,0.5956112852664577,0.06521739130434782,1.0,0.12244897959183673,0.8389783009047964,-0.9347826086956522
0.915,0.5956112852664577,0.06521739130434782,1.0,0.12244897959183673,0.8389783009047964,-0.9347826086956522
0.92,0.5924764890282131,0.057971014492753624,1.0,0.1095890410958904,0.8389783009047964,-0.9420289855072463
0.925,0.5893416927899686,0.050724637681159424,1.0,0.09655172413793103,0.8389783009047964,-0.9492753623188406
0.93,0.5862068965517241,0.043478260869565216,1.0,0.08333333333333333,0.8389783009047964,-0.9565217391304348
0.935,0.5830721003134797,0.036231884057971016,1.0,0.06993006993006994,0.8389783009047964,-0.9637681159420289
0.94,0.5799373040752351,0.028985507246376812,1.0,0.056338028169014086,0.8389783009047964,-0.9710144927536232
0.945,0.5799373040752351,0.028985507246376812,1.0,0.056338028169014086,0.8389783009047964,-0.9710144927536232
0.95,0.5799373040752351,0.028985507246376812,1.0,0.056338028169014086,0.8389783009047964,-0.9710144927536232
0.955,0.5799373040752351,0.028985507246376812,1.0,0.056338028169014086,0.8389783009047964,-0.9710144927536232
0.96,0.5799373040752351,0.028985507246376812,1.0,0.056338028169014086,0.8389783009047964,-0.9710144927536232
0.965,0.5799373040752351,0.028985507246376812,1.0,0.056338028169014086,0.8389783009047964,-0.9710144927536232
0.97,0.5736677115987461,0.014492753623188406,1.0,0.02857142857142857,0.8389783009047964,-0.9855072463768116
0.975,0.5736677115987461,0.014492753623188406,1.0,0.02857142857142857,0.8389783009047964,-0.9855072463768116
0.98,0.567398119122257,0.0,1.0,0.0,0.8389783009047964,-1.0
0.985,0.567398119122257,0.0,1.0,0.0,0.8389783009047964,-1.0
0.99,0.567398119122257,0.0,1.0,0.0,0.8389783009047964,-1.0
0.995,0.567398119122257,0.0,1.0,0.0,0.8389783009047964,-1.0
