peak_in_padding,pointing_hit,peak_dist_px,pointing_hit_tol,energy_concentration,chance_rate,concentration_ratio,pixel_ap,pixel_auroc,iou@0.3,iou@0.5,iou@0.7,row_idx,prob_malignant,label
False,False,287.5708608325955,False,0.005947763150976692,0.02784276832460733,0.2136196760909037,0.021944687840150037,0.43041368659699397,0.0,0.0,0.0,0,0.39727529883384705,1
False,False,47.0,False,0.008111554301635265,0.026399101307189542,0.30726630453235015,0.022632684150048685,0.4866765866242864,0.0012661433274246644,0.0,0.0,1,0.555537760257721,1
False,False,306.52895458667524,False,0.00019052651539030414,0.0007264760147601476,0.26226126054995513,0.0006394092907633002,0.4404982167424901,0.0,0.0,0.0,2,0.6215037703514099,0
False,False,95.38343671728336,False,0.0,0.0004515105078809107,0.0,0.0004515105078809107,0.22331348527365225,0.0,0.0,0.0,3,0.062228087335824966,0
False,False,200.92784774639875,False,8.654927416963266e-05,0.011255837711617046,0.0076892787891127785,0.010320993963844652,0.25004884940941724,0.0,0.0,0.0,4,0.062228087335824966,0
False,False,262.8554735971842,False,0.0,0.00048491379310344827,0.0,0.00048491379310344827,0.1937451709701184,0.0,0.0,0.0,5,0.16116389632225037,0
False,False,232.13789005675054,False,0.006830942076097239,0.008463541666666666,0.8071020791450277,0.01218850837565908,0.6703797420917317,0.0,0.0,0.0,6,0.16116389632225037,0
False,False,287.0992859621911,False,0.004267993017237066,0.005104347511574074,0.8361485983388514,0.005114613419045224,0.5393701860387226,0.0,0.0,0.0,7,0.25168466567993164,0
False,False,23.769728648009426,False,0.019549883676378256,0.00892920197740113,2.189432350825634,0.01906304135852547,0.6748614000230024,0.02388963660834455,0.0,0.0,8,0.19240029156208038,0
False,False,323.154761685481,False,0.0007086126709791495,0.0007766812865497076,0.9123596554348015,0.0019099842700876575,0.8132852393849498,0.0,0.0,0.0,9,0.31145209074020386,0
False,False,315.6263613832026,False,0.002250195482293825,0.000849780701754386,2.64797197400254,0.004422753450392221,0.910975993264414,0.0,0.0,0.0,10,0.31145209074020386,0
False,False,248.71268564349506,False,0.0004954504972043753,0.0007681354916067146,0.6450040424092862,0.0011539795384786318,0.6852896412916974,0.0,0.0,0.0,11,0.14164242148399353,0
False,False,258.90925051067603,False,0.005153421896757854,0.001259929556354916,4.090246054443825,0.009288545697028248,0.9349044193784838,0.0,0.0,0.0,12,0.14164242148399353,0
False,False,326.02147168553176,False,0.0,0.013072115384615385,0.0,0.013072115384615385,0.19598745134717777,0.0,0.0,0.0,13,0.5367636680603027,1
False,False,364.96712180688274,False,8.115020337665425e-08,0.008996478873239436,9.020218300966657e-06,0.008494185620916793,0.05121068222879277,0.0,0.0,0.0,14,0.7218915224075317,1
False,False,135.4843164355196,False,6.95718291720793e-05,0.007845833333333333,0.008867360064417969,0.0065694146333600675,0.31822902204582365,0.0,0.0,0.0,15,0.22550593316555023,0
False,False,343.0131192826303,False,0.0002591272659032178,0.006676509186351706,0.03881178901587262,0.005509755732754124,0.45914510273677045,0.0,0.0,0.0,16,0.18361523747444153,0
False,False,326.6389444019191,False,0.005889060655953065,0.00586314308681672,1.004420422417222,0.008880159597345783,0.7030669845616183,0.0,0.0,0.0,17,0.5015533566474915,1
False,False,261.5434954266689,False,0.00020273753530430295,0.0004559608540925267,0.44463802864787616,0.0005795269613421264,0.6093552198497764,0.0,0.0,0.0,18,0.47296127676963806,0
False,True,0.0,True,0.8340795086492309,0.3085480385638298,2.7032403528848996,0.6370876599950109,0.7097858775976644,0.13887055717922128,0.07942194507670138,0.03687591752077469,19,0.9203803539276123,1
False,True,0.0,True,0.8263103399672206,0.4028679653679654,2.051069856627836,0.5564676036047131,0.5723283153671379,0.0946104768300873,0.049288532572196106,0.02198413364674278,20,0.8598247766494751,1
False,False,245.56872765073325,False,0.038175574086824905,0.006192333040421793,6.164974305746411,0.07305630205080928,0.9641217543097533,0.0,0.0,0.0,21,0.13548405468463898,1
False,False,30.4138126514911,False,0.011229943255022402,0.029440789473684212,0.38144164799182234,0.026861440917023787,0.48780878383714527,0.0,0.0,0.0,22,0.1769033521413803,1
False,True,0.0,True,0.07108817980786303,0.024223694620253165,2.9346547222580566,0.17010937912431398,0.6731254417767956,0.05840785691472373,0.11736691713408827,0.11930077491439899,23,0.6506401896476746,1
False,False,119.57006314291216,False,0.0,0.014294563093243997,0.0,0.014294563093243997,0.3572206168048112,0.0,0.0,0.0,24,0.05550943687558174,0
False,False,153.2122710490253,False,0.05569773051889281,0.03783854166666667,1.4719840687718402,0.08870340021394041,0.7756615129556137,0.0,0.0,0.0,25,0.09937922656536102,0
False,False,159.26079241294764,False,0.007369549386006015,0.0023125,3.18683216692152,0.009491739522176829,0.8895017040956799,0.006596962907642519,0.0,0.0,26,0.44992730021476746,0
False,False,49.64876634922564,False,0.007715916409096161,0.0021875,3.5272760727296735,0.013818899818366757,0.9282996743057654,0.0,0.0,0.0,27,0.36653783917427063,0
False,False,37.05401462729781,False,0.012410726697675562,0.0029102782509937536,4.264446773581788,0.02112740427303857,0.9303127284360692,0.020622634047121308,0.010516066212268744,0.0,28,0.6412642598152161,1
False,False,260.5839595984373,False,0.00010363779690259698,0.002656953828828829,0.03900624684482378,0.0021417585373174107,0.3144848760595927,0.0,0.0,0.0,29,0.1387673318386078,1
False,False,300.53951487283666,False,0.0,0.002043269230769231,0.0,0.002043269230769231,0.16598418242402346,0.0,0.0,0.0,30,0.3082657754421234,0
False,False,33.52610922848042,False,0.0020745936778544726,0.0010699632144878324,1.9389392548860052,0.0026236912064713826,0.8137096571828517,0.0,0.0,0.0,31,0.6063576936721802,0
False,False,80.65358020571685,False,0.001443662147708966,0.0014887225969645868,0.969732138581428,0.002338868428149625,0.7122913193707785,0.0,0.0,0.0,32,0.7100736498832703,1
False,False,54.037024344425184,False,0.0032790716267570553,0.0014980490523968785,2.1888946970798724,0.004940582964289322,0.8629702550382459,0.0,0.0,0.0,33,0.7553848028182983,1
False,False,406.70997037200846,False,8.729783302515568e-05,0.000792572463768116,0.11014492303973927,0.0007320647632979007,0.4746931629120015,0.0,0.0,0.0,34,0.7990537285804749,1
False,False,281.04448046528154,False,0.0005100047571185456,0.0005199809056192035,0.9808143945424724,0.0007627603976913262,0.6668633047416422,0.0,0.0,0.0,35,0.8349764943122864,1
False,False,31.78049716414141,False,0.00020348018459311545,0.001962230477855478,0.1036984120313425,0.001788055879870458,0.3867919409056449,0.0,0.0,0.0,36,0.06988342106342316,0
False,False,185.0837648201484,False,5.733897116126561e-07,0.002456253585771658,0.00023344076317450736,0.0022717065235496403,0.3457773622923478,0.0,0.0,0.0,37,0.11389490216970444,0
False,False,89.20201791439474,False,0.0,0.00013065888119953863,0.0,0.00013065888119953863,0.4506495496185614,0.0,0.0,0.0,38,0.03413354977965355,0
False,False,63.387695966961914,False,0.0006033438075913611,0.0004370314302191465,1.3805501523970904,0.002106819189046731,0.8637085102719875,0.0,0.0,0.0,39,0.03413354977965355,0
False,False,275.9601420495358,False,0.0,0.00019273522662076879,0.0,0.00019273522662076879,0.352955021272208,0.0,0.0,0.0,40,0.10319431126117706,0
False,False,252.80031645549812,False,0.0,0.0007216365461847389,0.0,0.0007216365461847389,0.3528771928250719,0.0,0.0,0.0,41,0.10319431126117706,0
False,False,371.63557418524937,False,0.007490901011212861,0.018043785310734462,0.41515130457445837,0.01572253399159285,0.4800211126416999,0.0,0.0,0.0,42,0.806974470615387,1
False,False,417.43262929483603,False,0.0011222922128929624,0.003530966767371601,0.31784275719150423,0.003022942121029932,0.4354454177214061,0.0,0.0,0.0,43,0.7427608966827393,1
False,False,338.6709317316737,False,7.354862237129599e-07,0.0009539072039072039,0.0007710249180427701,0.000831506428105144,0.19282894674025136,0.0,0.0,0.0,44,0.45285817980766296,1
False,False,324.0771513081414,False,0.0,0.0005961920024420025,0.0,0.0005961920024420025,0.16604784789466398,0.0,0.0,0.0,45,0.45285817980766296,1
False,False,323.9660476037574,False,0.0001013496012119661,0.0010012409747292418,0.10122398480483015,0.0015115994656691115,0.6810868567906895,0.0,0.0,0.0,46,0.2988137900829315,1
False,False,304.04111564063174,False,2.278217766006172e-05,0.0006862966305655837,0.03319581744308829,0.0008396621204799734,0.6085515111408094,0.0,0.0,0.0,47,0.2988137900829315,1
False,False,251.7478897627545,False,0.0012209240726592859,0.007679503020318506,0.1589847766748646,0.010414383023474945,0.6534972091675394,0.0,0.0,0.0,48,0.16749665141105652,0
False,False,94.89467845985885,False,0.0006855455809867943,0.0041485507246376814,0.16524941515489538,0.003925016221956375,0.49071371713342465,0.0,0.0,0.0,49,0.2149202525615692,1
False,False,86.97700845625813,False,0.0004112307980214478,0.0024164244186046513,0.17018152724135704,0.00212329797101652,0.47370119498712177,0.0,0.0,0.0,50,0.1731441766023636,1
False,False,269.4327374318125,False,0.0014976846801705178,0.004136904761904762,0.3620302536239525,0.00685526579492253,0.7149701654653086,0.0,0.0,0.0,51,0.2250312715768814,0
False,False,169.799882214329,False,0.02339220557755876,0.011205357142857144,2.0875912547303432,0.02620392315410332,0.7717747341034525,0.010502489814395654,0.0,0.0,52,0.5941952466964722,0
False,False,260.69330639661615,False,0.0,0.008435333622183709,0.0,0.008435333622183709,0.3306045999299041,0.0,0.0,0.0,53,0.05772310495376587,0
False,True,0.0,True,0.09201341702871497,0.010516652123327516,8.749306903916255,0.5470589953611842,0.9893741488230123,0.14237814343371624,0.362132752992383,0.2518973617636429,54,0.1839519590139389,0
False,True,0.0,True,0.11541130368176561,0.014026988636363636,8.227803320705114,0.4789221464769266,0.8702645331293106,0.2690893665158371,0.32661290322580644,0.20332071074861638,55,0.6108124256134033,1
False,False,126.92123541787639,False,0.003001695060542144,0.02506026170798898,0.11977907874702008,0.015992442348666158,0.2611009361304425,0.0,0.0,0.0,56,0.7967864274978638,1
False,False,207.06762180505189,False,0.0017377260273702445,0.0019569174757281555,0.887991470730593,0.0035367044975356467,0.7333529004245964,0.0,0.0,0.0,57,0.5299844741821289,1
False,False,205.67936211491906,False,0.0012293277756884548,0.0016231796116504855,0.757357822181149,0.0027376435819972266,0.7120606547526434,0.0,0.0,0.0,58,0.5299844741821289,1
False,False,137.88763541376724,False,0.001220903135383759,0.0015682656826568266,0.7785052933858793,0.00379225504533698,0.8017169063296574,0.0,0.0,0.0,59,0.3179653286933899,1
False,False,254.566297847928,False,0.0,0.0018680811808118082,0.0,0.0018680811808118082,0.2051687885579611,0.0,0.0,0.0,60,0.3179653286933899,1
False,False,250.44959572736389,False,0.0006199537418263675,0.017646144278606966,0.03513253275266252,0.018998286916855223,0.5750613015940388,0.0,0.0,0.0,61,0.0503852479159832,0
False,False,172.74258305351347,False,0.0007283877889890875,0.023034218835804504,0.031621987885991514,0.021052236435421052,0.40482035926108717,0.0,0.0,0.0,62,0.06697417795658112,0
False,False,29.154759474226502,False,0.05683122888113566,0.03443733377659575,1.6502795846454066,0.05983988819600544,0.7248129217174167,0.042316184952048246,0.034214822069866146,0.01075562847507064,63,0.700613260269165,1
False,True,0.0,True,0.40651396160749187,0.046746858465608464,8.696070173497606,0.44676139215806765,0.8338072401227214,0.30277538583824604,0.23672126128884127,0.13998294970161979,64,0.8057148456573486,1
False,False,245.08161905781512,False,0.0,0.0012477313974591652,0.0,0.0012477313974591652,0.14054514480408858,0.0,0.0,0.0,65,0.7139244079589844,1
False,False,207.76188293332345,False,0.00013549078102068258,0.001210212201591512,0.11195621796119963,0.0008268068305244836,0.29414553637752894,0.0,0.0,0.0,66,0.8625352382659912,1
False,False,101.67103815738285,False,0.00045081789972239696,0.0038898273273273274,0.11589663545094962,0.0037139473216236244,0.5163337572020525,0.0,0.0,0.0,67,0.7228735685348511,0
False,False,267.8245694479877,False,0.01101251523309374,0.004469032429558746,2.4641833342393245,0.015964008198868222,0.8739545792254955,0.0,0.0,0.0,68,0.5076911449432373,0
False,False,295.16097302997224,False,0.0,0.0003766166960611405,0.0,0.0003766166960611405,0.42534666384863495,0.0,0.0,0.0,69,0.042622558772563934,0
False,False,131.79529581893277,False,0.0,0.00026268115942028986,0.0,0.00026268115942028986,0.32415670783086137,0.0,0.0,0.0,70,0.13214489817619324,0
False,False,192.46298345396187,False,0.12626439776593273,0.1252680200729927,1.0079539669610764,0.15784147523141268,0.6458211003137319,0.024409498547429583,0.0,0.0,71,0.8174346089363098,1
False,False,373.2693397534815,False,0.00995407499172916,0.06081140350877193,0.16368763780124404,0.04070004520609808,0.2977256531934252,0.0,0.0,0.0,72,0.756390392780304,1
False,True,0.0,True,0.19659456044198922,0.19204545454545455,1.0236876520056244,0.2092699327475293,0.5852063279101892,0.04172873890796036,0.024267094602528475,0.009508025122121424,73,0.2719687521457672,1
False,False,12.0,True,0.10434466070621565,0.19876622267759564,0.5249617329372184,0.16666772079336278,0.43907055722223803,0.007253452364346492,0.0019003945384313482,0.0,74,0.3035077154636383,1
False,False,118.33849753989612,False,0.0,0.005651939655172414,0.0,0.005651939655172414,0.21957886979750857,0.0,0.0,0.0,75,0.11746452748775482,0
False,False,419.65938569273055,False,0.0,0.00102114602876798,0.0,0.00102114602876798,0.3603561524579019,0.0,0.0,0.0,76,0.08710850030183792,0
False,False,243.9446658568291,False,0.0,0.0005825109649122807,0.0,0.0005825109649122807,0.1840264682689341,0.0,0.0,0.0,77,0.29542839527130127,0
False,False,409.4288705013363,False,0.0,0.0005297991653625457,0.0,0.0005297991653625457,0.24262577167415572,0.0,0.0,0.0,78,0.20501497387886047,0
False,True,0.0,True,0.057964513594186626,0.005323483560090703,10.888455452128607,0.5245880388015577,0.9893697289325664,0.06454384363421575,0.1134074695761645,0.27058029689608637,79,0.46382811665534973,1
False,False,144.83784035948617,False,1.4631607253321433e-08,0.003370358560090703,4.341261320554472e-06,0.0033353759225957375,0.2674782036600815,0.0,0.0,0.0,80,0.3643380403518677,1
False,False,414.03019213579097,False,0.00022264658123987826,0.011567540322580646,0.01924753016034503,0.009414297097403114,0.3397092094021259,0.0,0.0,0.0,81,0.3991815745830536,0
False,False,264.35771220072246,False,0.0008889686585414363,0.004843247588424437,0.1835480516556924,0.005660974932639715,0.6079175705557169,0.0,0.0,0.0,82,0.26536446809768677,0
True,False,167.5857989210303,False,2.4570349717164895e-05,0.001533132946379215,0.016026235542842156,0.0019288586708660106,0.6301409011167661,0.0,0.0,0.0,83,0.12824541330337524,0
True,False,220.41097976280582,False,0.0,0.001286967938087341,0.0,0.001286967938087341,0.38462902263312204,0.0,0.0,0.0,84,0.12824541330337524,0
False,False,80.49844718999243,False,0.0,0.001380024941314554,0.0,0.001380024941314554,0.4559250910192782,0.0,0.0,0.0,85,0.05692994222044945,0
False,False,4.47213595499958,True,0.05721871955246132,0.0009215448943661971,62.08999681107684,0.10869143317542634,0.9965086504004521,0.0898876404494382,0.11803588290840415,0.046966731898238745,86,0.05692994222044945,0
False,False,111.11255554616679,False,0.0,0.0009918478260869566,0.0,0.0009918478260869566,0.4814308575987959,0.0,0.0,0.0,87,0.016850261017680168,0
False,False,53.75872022286245,False,0.00045669262200111774,0.00012928486997635933,3.532452189375503,0.0008408750513403147,0.9251657171356268,0.0,0.0,0.0,88,0.05871623009443283,0
False,False,246.4000811688178,False,0.0,0.0012158526490066224,0.0,0.0012158526490066224,0.19423364155162443,0.0,0.0,0.0,89,0.42426598072052,0
False,False,189.76037521042164,False,0.0,0.0014583333333333334,0.0,0.0014583333333333334,0.3027679254468322,0.0,0.0,0.0,90,0.1309160590171814,0
False,False,355.0,False,0.0014434336772008907,0.0052671370967741936,0.2740452072312504,0.004331661075821237,0.43408604815430485,0.0,0.0,0.0,91,0.7089345455169678,0
False,False,289.2766841624122,False,0.0005195890911407333,0.0009877873563218392,0.5260131017221096,0.001250733314047026,0.613295035750766,0.0,0.0,0.0,92,0.5966624617576599,0
False,True,0.0,True,0.3223922446901483,0.034726456639566396,9.28376448067619,0.5730667482035113,0.955464454390248,0.3563386727688787,0.265317721950665,0.1326344020480312,93,0.6397630572319031,1
False,False,80.8084154033477,False,0.007721543614689655,0.006321985094850949,1.221379598154795,0.015379096641012299,0.8143270829302514,0.0,0.0,0.0,94,0.6397630572319031,1
False,True,0.0,True,0.14599438035901569,0.028175349973586897,5.181635028344945,0.37096032132666495,0.8621466178683455,0.19162100053031642,0.21687940140845072,0.14229991331984976,95,0.28142106533050537,1
False,False,57.28001396647874,False,0.07845795287652163,0.016017069466455362,4.898396241636871,0.12854873001823267,0.9218750223402526,0.12847811887655128,0.09192462987886944,0.01952322235922729,96,0.28142106533050537,1
False,False,120.3536455617361,False,0.00826647291583178,0.010717941098784997,0.7712743370803634,0.012084020059018907,0.6035854950880951,0.0011894328283460623,0.0,0.0,97,0.28142106533050537,1
False,True,0.0,True,0.40987649132969806,0.11815271406727829,3.4690400010304208,0.3751968803934475,0.6496779788939977,0.1989667049368542,0.13030290775265904,0.06968091559833381,98,0.26970818638801575,1
False,False,166.86821147240718,False,0.03795042335441716,0.03846331120943953,0.9866655303743974,0.04941212581827406,0.6235080156529511,0.0,0.0,0.0,99,0.3539881408214569,1
False,False,79.0,False,0.0002009133716037354,0.012322364790286975,0.01630477388253463,0.01105379096732673,0.4273758646727392,0.0,0.0,0.0,100,0.06583273410797119,0
False,False,256.26743843102656,False,0.0011491476118822605,0.016046135863586358,0.07161522385523555,0.013571364271628267,0.46574205275814357,0.0,0.0,0.0,101,0.2511275112628937,0
True,False,395.83456140160376,False,0.00041881985878032313,0.0031563021702838063,0.1326932074892766,0.0026002561335503886,0.40497693382626715,0.0,0.0,0.0,102,0.6038627624511719,1
False,False,11.704699910719626,True,0.017101767827009114,0.004727628410914928,3.6174094790371742,0.017767202015907424,0.830845970450592,0.024283022817667994,0.018400104397755447,0.0,103,0.7597069144248962,1
False,False,27.202941017470888,False,0.0014367419877957313,0.0005492424242424242,2.6158612743315386,0.0023923941322668936,0.8931856226218813,0.0,0.0,0.0,104,0.048042651265859604,0
False,False,4.0,True,0.01049132366638161,0.0005255681818181818,19.961869894953118,0.0465694449965454,0.9933011049222693,0.013969292725899824,0.029092983456930975,0.056833558863328824,105,0.048042651265859604,0
False,False,59.93329625508679,False,0.00011508398186691016,0.0007149621212121213,0.1609651454986187,0.0007716662159267601,0.5758636164935678,0.0,0.0,0.0,106,0.048042651265859604,0
False,False,94.54099639838793,False,0.0,0.0007433712121212121,0.0,0.0007433712121212121,0.37907677582293653,0.0,0.0,0.0,107,0.048042651265859604,0
False,False,127.06297651164952,False,0.0,0.0008191287878787878,0.0,0.0008191287878787878,0.3790676074625522,0.0,0.0,0.0,108,0.048042651265859604,0
False,False,151.82226450688975,False,0.0,0.000643939393939394,0.0,0.000643939393939394,0.37908880718644583,0.0,0.0,0.0,109,0.048042651265859604,0
False,False,143.7358688706476,False,0.0,0.0007406345565749235,0.0,0.0007406345565749235,0.27942378959952185,0.0,0.0,0.0,110,0.03233031928539276,0
False,False,189.76301009416983,False,0.0010289581892370633,0.00031536697247706424,3.2627328764171604,0.0017757161913395847,0.9128484434235961,0.0,0.0,0.0,111,0.03233031928539276,0
False,False,197.39554199626699,False,0.0019018096736177722,0.000525611620795107,3.618279349952067,0.0032589810018208987,0.9202346938332022,0.0,0.0,0.0,112,0.03233031928539276,0
False,False,242.87033577610913,False,0.0,0.0007597477064220184,0.0,0.0007597477064220184,0.27941957048789934,0.0,0.0,0.0,113,0.03233031928539276,0
False,False,282.28000283406544,False,0.0,0.0002819189602446483,0.0,0.0002819189602446483,0.27952499988050916,0.0,0.0,0.0,114,0.03233031928539276,0
False,False,313.6000637755037,False,0.0,0.0005925076452599388,0.0,0.0005925076452599388,0.2794564822429192,0.0,0.0,0.0,115,0.03233031928539276,0
False,False,97.16480844420988,False,0.0,0.0008758618105515587,0.0,0.0008758618105515587,0.4423955896623335,0.0,0.0,0.0,116,0.016681144014000893,0
False,False,103.31021246711285,False,0.0,0.00046837529976019186,0.0,0.00046837529976019186,0.4424190736818429,0.0,0.0,0.0,117,0.016681144014000893,0
False,False,64.38167441127949,False,0.0,0.0009133318345323741,0.0,0.0009133318345323741,0.4423934292505239,0.0,0.0,0.0,118,0.016681144014000893,0
False,False,54.12947441089743,False,0.0,0.0007868705035971223,0.0,0.0007868705035971223,0.4424007199910001,0.0,0.0,0.0,119,0.016681144014000893,0
False,False,132.3782459469833,False,0.0,0.0006604091726618705,0.0,0.0006604091726618705,0.44240800888626425,0.0,0.0,0.0,120,0.016681144014000893,0
False,False,186.49664876345634,False,0.0,0.000576101618705036,0.0,0.000576101618705036,0.4424128671250018,0.0,0.0,0.0,121,0.016681144014000893,0
False,False,394.55544604022384,False,0.002221182803250842,0.0008603872202591284,2.5816083165227326,0.003132697035328158,0.874436467624806,0.0,0.0,0.0,122,0.02671223320066929,0
False,False,220.30206535572924,False,0.0,0.000823579210836278,0.0,0.000823579210836278,0.34800497317707735,0.0,0.0,0.0,123,0.02671223320066929,0
False,False,224.58851261807672,False,0.0,0.0003956861012956419,0.0,0.0003956861012956419,0.3480700365464102,0.0,0.0,0.0,124,0.02671223320066929,0
False,False,221.90313201935658,False,0.0,0.000869589222614841,0.0,0.000869589222614841,0.3479979737975179,0.0,0.0,0.0,125,0.02671223320066929,0
False,False,165.60495161679194,False,0.0,0.0006073321554770318,0.0,0.0006073321554770318,0.348037861628271,0.0,0.0,0.0,126,0.02671223320066929,0
False,False,140.73023839957068,False,0.0,0.0009063972320376914,0.0,0.0009063972320376914,0.3479923738297098,0.0,0.0,0.0,127,0.02671223320066929,0
False,False,177.71043863543863,False,0.0,0.001691077817531306,0.0,0.001691077817531306,0.41906408515443805,0.0,0.0,0.0,128,0.03689076378941536,0
False,False,212.84031572989173,False,0.0,0.0013578869047619047,0.0,0.0013578869047619047,0.44635572857488776,0.0,0.0,0.0,129,0.036113061010837555,0
False,False,2.23606797749979,True,0.31571174882095776,0.10424584740990991,3.02853069609126,0.37661673403289164,0.8403625597423806,0.1547123201103036,0.14161500370413693,0.09739014425081298,130,0.7825751900672913,1
False,False,9.219544457292887,True,0.281626714386769,0.13415152186761228,2.099318073071828,0.30421646852098555,0.7822981740473558,0.1685952200713745,0.03427210926975972,0.009310074480595844,131,0.7908751368522644,1
False,False,267.37239947309445,False,0.0010491400280180077,0.006295214245965498,0.16665676290372242,0.006950673952591351,0.5770267512662551,0.0,0.0,0.0,132,0.4714118242263794,1
True,False,299.81661061388843,False,0.0,0.004310941828254848,0.0,0.004310941828254848,0.1783571838430909,0.0,0.0,0.0,133,0.3180752098560333,1
False,False,256.78006153126455,False,0.0,0.006767349498327759,0.0,0.006767349498327759,0.16814861582441093,0.0,0.0,0.0,134,0.5659621953964233,1
False,False,303.94900888142405,False,0.0119515169904846,0.006863962472406181,1.7411978924026608,0.014495906324951555,0.7847845281372479,0.0,0.0,0.0,135,0.623042106628418,1
False,False,372.6258176777342,False,0.08324215025323121,0.06811779350104821,1.2220323938113213,0.09673081613698692,0.6924657230421434,0.019893779818165452,0.0,0.0,136,0.6642737984657288,1
False,False,123.90722335683259,False,0.03238242226390634,0.06300578517924024,0.5139595066037843,0.06207938734397465,0.553284419600502,0.0,0.0,0.0,137,0.6071487665176392,1
False,False,324.7845439672276,False,0.07022448303071735,0.03328081232492997,2.1100591639740007,0.08761134937155812,0.8267729635749361,0.0,0.0,0.0,138,0.6292041540145874,0
False,False,166.43316977093238,False,0.006824333936895711,0.027404538904899134,0.24902203100653955,0.023648670414709475,0.46506968405370464,0.0,0.0,0.0,139,0.5759516358375549,0
False,True,0.0,True,0.2815613063936659,0.05889963624338624,4.780357305267433,0.3301527771673501,0.9133564844020186,0.14806121950026893,0.11425576519916142,0.07802443189281492,140,0.5337331295013428,0
False,False,312.694739322554,False,0.08629421940913341,0.05610832678197065,1.5379930993925564,0.07105520451782614,0.5268730499284348,0.06443249471864797,0.024861187534390476,0.0,141,0.5889056921005249,0
False,False,133.9589489358587,False,0.003968138257058981,0.015406746031746032,0.25755849086384114,0.013047557302280664,0.4426377434704055,0.0,0.0,0.0,142,0.652348518371582,1
False,False,298.30353668704635,False,0.027247154643858594,0.014787137681159421,1.8426253431436377,0.02957521923888726,0.7469695383725016,0.006594488188976378,0.0,0.0,143,0.11683199554681778,1
False,False,98.35141076771599,False,3.819791518599729e-05,0.0058135474860335195,0.006570500245807583,0.003804608532002425,0.2730451490351047,0.0,0.0,0.0,144,0.7512840628623962,0
False,False,333.65401241405743,False,0.00105063641355606,0.004101015406162465,0.25618933593307214,0.0037617862670538153,0.5012521563998569,0.0,0.0,0.0,145,0.588087260723114,0
False,False,178.932948335403,False,0.00037116838365988853,0.0018288352272727273,0.2029534307546109,0.0011063581089334187,0.1915054602619657,0.0,0.0,0.0,146,0.7811574339866638,1
False,False,206.39040675380238,False,0.01016490830796272,0.008706039755351683,1.167569709489812,0.01391272966620621,0.7082093449854275,0.0,0.0,0.0,147,0.7181389331817627,0
False,False,331.8207347348866,False,0.00038030548703503985,0.011960078534031414,0.031797908847580894,0.007968405676203128,0.2634384702754433,0.0,0.0,0.0,148,0.7256749272346497,0
False,False,72.69112738154499,False,0.009880881822481058,0.025634328358208957,0.38545506963972687,0.02728274825575965,0.5811233245439942,0.0,0.0,0.0,149,0.6403184533119202,0
False,False,42.95346318982906,False,0.011788109122815771,0.021785013089005236,0.5411109497457753,0.01843430856113852,0.3723740643931078,0.008338442673206622,0.0,0.0,150,0.5327662229537964,0
False,False,38.0,False,0.023100183365807454,0.00807904411764706,2.8592718432307747,0.03617014702560088,0.8830700635010278,0.0,0.0,0.0,151,0.7935447692871094,1
False,False,157.95252451290546,False,0.00030376177837394635,0.008427622126436782,0.03604359258361498,0.006008868706623709,0.216588879820271,0.0,0.0,0.0,152,0.6446911096572876,1
False,False,195.2050204272421,False,0.002929337273254511,0.005188160211267606,0.5646196636126617,0.004884022526668992,0.48725492928934067,0.0,0.0,0.0,153,0.756780207157135,1
False,False,149.90663761154806,False,0.013372767264484414,0.006845238095238095,1.9535868699420709,0.016201364576332405,0.7986131921552958,0.0016189962223421479,0.0,0.0,154,0.8432283997535706,1
False,False,15.0,True,0.10906360697699077,0.018637628424657535,5.8517964030605905,0.11481397005513137,0.825915081050602,0.10520894643908181,0.03680203045685279,0.0,155,0.4585422873497009,1
False,False,62.20128616033595,False,0.018017834402551534,0.01565340909090909,1.1510485861521127,0.02354010197838739,0.6913201382450993,0.0,0.0,0.0,156,0.5425451993942261,1
False,False,136.4734406395618,False,0.00272713369592274,0.010017605633802816,0.2722340842327094,0.008555920042364829,0.46626003279717465,0.0,0.0,0.0,157,0.5934903621673584,1
False,False,147.00340132119393,False,0.012087583168776915,0.009998292349726776,1.2089647657789515,0.017448805452399886,0.7441999782230002,0.0011433362551926522,0.0,0.0,158,0.6424768567085266,1
False,False,87.5728268357257,False,0.005848387953799229,0.0028444840604026846,2.056045254467445,0.01321393569221477,0.9016539295898435,0.0,0.0,0.0,159,0.5088969469070435,0
False,False,300.24823063591896,False,0.022275956046333107,0.004577805417357656,4.866077523057098,0.028796332251404634,0.9250135620472564,0.035387698860077664,0.0,0.0,160,0.5157426595687866,0
False,True,0.0,True,0.29504887801499147,0.01176321138211382,25.082340904255,0.8653189389213973,0.9983411867709246,0.4554098360655738,0.6442510548523207,0.46410343654304187,161,0.9688693284988403,1
False,True,0.0,True,0.137913243146456,0.009872159090909091,13.969917003612235,0.48977962987398416,0.989741496055514,0.2697680726976807,0.3018820577164366,0.22125567322239031,162,0.7004707455635071,1
False,False,156.7226850203888,False,0.0,0.001160453216374269,0.0,0.001160453216374269,0.296547528656244,0.0,0.0,0.0,163,0.10298622399568558,0
False,False,98.08669634563088,False,0.0,0.0021361137667304016,0.0,0.0021361137667304016,0.269743965908694,0.0,0.0,0.0,164,0.11559182405471802,0
False,True,0.0,True,0.20414916689762128,0.01505199016100179,13.562935180927202,0.9068516312071924,0.9981634109700622,0.5634636070276084,0.6538160979421724,0.4505562422744129,165,0.729039192199707,1
False,False,202.41047403728888,False,0.01218104383266145,0.008552900326797386,1.4242003726498018,0.01750533322506057,0.7768867264207722,0.0,0.0,0.0,166,0.6935637593269348,1
False,False,192.27584351654787,False,0.0015749705526915342,0.0013773350846468183,1.1434912028654192,0.003375264197335397,0.8020580440611094,0.0,0.0,0.0,167,0.3925183415412903,0
False,True,0.0,True,0.16007153208257033,0.003778782894736842,42.36060566102405,0.7807143267595086,0.9991092007980966,0.1563191018880762,0.2697387731141767,0.5384146341463415,168,0.9369471669197083,1
False,True,0.0,True,0.21322487255226455,0.006928969359331476,30.772956480909738,0.9108293836016756,0.999281179066857,0.258777633289987,0.5035076530612245,0.6054022313564298,169,0.9693779349327087,1
False,False,22.360679774997898,False,0.0022805239864576456,0.0016200838833883389,1.4076579674924137,0.0032102737220064837,0.7736250146553818,0.00033403852577663955,0.0,0.0,170,0.25266149640083313,0
False,True,0.0,True,0.1541012200472965,0.005064655172413793,30.42679408593429,0.8521966592029142,0.9990986050438793,0.22210105416212286,0.37176756921204746,0.6050704225352113,171,0.666698157787323,1
False,True,0.0,True,0.05059567784548327,0.0024664594240837697,20.513484775561775,0.8103332094234537,0.9993653041163106,0.09002687369363989,0.2894863178108497,0.5146067415730337,172,0.42774465680122375,1
False,False,239.26763257908496,False,0.0004047202892650927,0.0022122352285395765,0.18294631784354676,0.0019037473737327014,0.4204154075632395,0.0,0.0,0.0,173,0.7779105305671692,0
False,False,526.8548187119484,False,0.005597057005915528,0.004048494397759104,1.3825033348233295,0.00742864566570279,0.7521538659795345,0.0,0.0,0.0,174,0.6621391773223877,0
False,False,436.1765697512878,False,0.046358952843305996,0.0045213161021984555,10.253419976710832,0.1363582766317389,0.9872283042959332,0.07380465257255436,0.16474041460282518,0.09647678630227198,175,0.2134692370891571,0
False,True,0.0,True,0.056592138236098974,0.0025669642857142857,22.046328634584643,0.5877940669133537,0.9978330262995018,0.08978529603122967,0.22572716099959034,0.3077593722755013,176,0.3591950237751007,1
False,False,97.29337079164233,False,0.0018869564273586985,0.0016787574404761906,1.1240196956764945,0.004033246208220303,0.8032819185983264,0.0,0.0,0.0,177,0.3591950237751007,1
False,False,147.16657229140046,False,0.00970982191018719,0.0016154188948306596,6.010714583851049,0.01885750478459165,0.9613183313655712,0.004651162790697674,0.0,0.0,178,0.5906709432601929,1
False,False,109.04127658827184,False,0.010048921042643617,0.0012626262626262627,7.9587454657737435,0.02931458226733142,0.9803944864970976,0.04435746901500326,0.0,0.0,179,0.5906709432601929,1
False,False,403.27286048034523,False,0.0,0.000830078125,0.0,0.000830078125,0.26803661893824626,0.0,0.0,0.0,180,0.42428475618362427,0
False,False,244.1823089414956,False,0.0,0.0008541666666666667,0.0,0.0008541666666666667,0.27374006964281994,0.0,0.0,0.0,181,0.3654332756996155,0
False,True,0.0,True,0.29240260297754295,0.017348090277777777,16.85503120491016,0.9309929883504474,0.9986997117225692,0.38005134544071506,0.6342958541700274,0.6220640569395017,182,0.9871074557304382,1
False,True,0.0,True,0.18197210730891175,0.012876907023603916,14.131662749086344,0.6540242335986934,0.9929459353192067,0.33078177939515624,0.41044776119402987,0.40869140625,183,0.9904766082763672,1
False,True,0.0,True,0.061606977400487165,0.0018709115472127418,32.9288562531288,0.7316155062393324,0.9994094621195067,0.08447030497592295,0.16087122659533817,0.3692722371967655,184,0.8529168963432312,1
False,False,355.0126758300329,False,0.007804695933028419,0.0010434973637961336,7.479363344662181,0.01959625801817752,0.9758436152368937,0.0,0.0,0.0,185,0.2537103295326233,1
False,False,269.3120866207085,False,0.0,0.0012462797619047618,0.0,0.0012462797619047618,0.16893263553908333,0.0,0.0,0.0,186,0.49499136209487915,0
False,False,6.324555320336759,True,0.07539150983263651,0.0035482889461626575,21.247285938809924,0.3339274929239404,0.9965257930147053,0.19464899361806579,0.31016042780748665,0.23614274867122248,187,0.41137468814849854,1
False,False,1.0,True,0.0641158275465926,0.003066417691857059,20.9090326203288,0.47687431155653986,0.9968325464758876,0.14928698752228164,0.2563985374771481,0.328042328042328,188,0.5760334730148315,1
False,False,2.23606797749979,True,0.026224911631419878,0.0013239059590316573,19.80874204282722,0.2994666346890115,0.9975112172650232,0.03745369735217451,0.11167298777918247,0.22357723577235772,189,0.2385372668504715,0
False,False,256.56383221335,False,2.1705730895194085e-05,0.0010111416361416362,0.021466558313254586,0.0009089988784158749,0.29524254487631507,0.0,0.0,0.0,190,0.13126491010189056,0
False,True,0.0,True,0.41229499390308494,0.021179624664879357,19.466586420993757,0.9703150550506007,0.999322927890589,0.4696702275894101,0.7529109330107364,0.6090801886792453,191,0.9126782417297363,1
False,True,0.0,True,0.4142965069822693,0.0203125,20.396135728357873,0.7952370137915186,0.9944395077236398,0.49796518200316525,0.5117071724955542,0.4667758965956672,192,0.9233242869377136,1
False,False,38.58756276314948,False,0.0653733091186747,0.00876234802431611,7.460706757738832,0.0928828269376796,0.9581006866964437,0.09690155351471977,0.08691544638639584,0.03014660334503407,193,0.8256773948669434,0
False,True,0.0,True,0.14405729599066183,0.004839341692789968,29.767952985276846,0.8691981896163374,0.9992959586066205,0.15912385247221775,0.26054852320675104,0.4693384838242395,194,0.9788275361061096,1
False,False,87.36131867136622,False,0.0,0.004215976331360947,0.0,0.004215976331360947,0.2080888360692268,0.0,0.0,0.0,195,0.502799928188324,1
False,False,6.708203932499369,True,0.049427746607939874,0.0015496222527472527,31.896642243173613,0.312981347280266,0.9984740897090864,0.0652448942707392,0.10160427807486631,0.17601170160897123,196,0.9114471673965454,1
False,False,326.6435365960882,False,0.010717155686252054,0.0018302869496855346,5.855451074539646,0.024262942955932773,0.9663742220342043,0.029546372324673578,0.0,0.0,197,0.6011850237846375,1
False,False,150.78461459976612,False,0.001295479676246302,0.0031637396694214875,0.40947733113679036,0.0031873434418194404,0.5223402259407552,0.0,0.0,0.0,198,0.7967864274978638,1
False,True,0.0,True,0.11179400977364863,0.004212328767123288,26.539716141386503,0.7111434668460018,0.9985919779581605,0.15315175097276265,0.2838188635708105,0.5149206349206349,199,0.9329473376274109,1
False,True,0.0,True,0.1542643275862364,0.004600971778487753,33.52864025541577,0.8122989761426366,0.9990928670332195,0.18993645886999827,0.3239601640304628,0.5909617612977984,200,0.9328785538673401,1
False,False,137.23337786413333,False,0.00021014171011005984,0.005378364833906071,0.03907167263650337,0.004351253427135832,0.2615064210348668,0.0,0.0,0.0,201,0.4524005949497223,0
False,False,143.40502083260543,False,0.011459430474897501,0.006053163322185061,1.8931308912314122,0.015893948754719507,0.7369836471058518,0.0,0.0,0.0,202,0.10876663029193878,0
False,False,253.4758371127315,False,0.004533526347720288,0.002575648414985591,1.7601495302477648,0.007791632397606494,0.8468525849071924,0.0,0.0,0.0,203,0.17783962190151215,0
False,False,518.5383303093417,False,0.01245382209164596,0.0022296831955922864,5.585467081720443,0.017216004007147706,0.938805140880619,0.009866735007688365,0.0,0.0,204,0.13371269404888153,0
False,False,20.12461179749811,False,0.031163741430241605,0.0011420107033639144,27.288484546112816,0.11761227232485716,0.9961634620775379,0.039367484763630375,0.0702527924750147,0.1138095238095238,205,0.46002495288848877,1
False,False,297.13464961192255,False,0.0047787814865207605,0.0017488143631436315,2.7325836219291593,0.007007299981717977,0.8773627113755172,0.008096915754991038,0.0,0.0,206,0.8198902606964111,1
False,False,364.24716882907956,False,1.564538934890097e-06,0.001323499177631579,0.0011821230880474456,0.0010690214428510057,0.19654249821509784,0.0,0.0,0.0,207,0.5490679740905762,1
False,False,39.20459156782532,False,0.06064870193326322,0.007522963258785943,8.061810199914591,0.10411337151370705,0.9704674165525413,0.08567854909318325,0.1278202498601529,0.0675115768949549,208,0.8320385813713074,0
False,False,143.22011031974526,False,0.0009344420334413418,0.0025378184713375795,0.36820680596151384,0.005169080662096279,0.7615661428452648,0.0,0.0,0.0,209,0.7295520305633545,0
True,False,515.3882032022076,False,0.006864841225745637,0.001264613309352518,5.428411337265172,0.017379399232931476,0.967417903961532,0.0,0.0,0.0,210,0.2305435985326767,0
False,True,0.0,True,0.1197576939527857,0.005426646706586827,22.068452292540922,0.7473477084238038,0.9981951171051353,0.26705202312138726,0.5121555915721232,0.4104361370716511,211,0.1763480305671692,1
False,True,0.0,True,0.4549106361805083,0.018498411016949153,24.591876338118816,0.9256305301212997,0.9985002448831723,0.5039768618944324,0.7254192073170732,0.4767142522817692,212,0.9750937819480896,1
False,False,161.64467204334326,False,0.0,0.003210382513661202,0.0,0.003210382513661202,0.3739121496607963,0.0,0.0,0.0,213,0.06778295338153839,0
False,False,192.80041493731284,False,0.0034044591760709385,0.004997068156732892,0.6812913230898958,0.007803706861881956,0.6813391933032417,0.0,0.0,0.0,214,0.073135145008564,0
False,True,0.0,True,0.07350108847157706,0.004954954954954955,14.833856036991008,0.7565674174658182,0.9985499682807306,0.18549095380291586,0.47739852398523985,0.4497184231697506,215,0.36340034008026123,1
False,False,486.96303761168565,False,2.604573960245555e-09,0.0029825846354166667,8.732607045974728e-07,0.0029744753349676407,0.2090832866479603,0.0,0.0,0.0,216,0.6043026447296143,1
True,False,277.8920653779089,False,0.036043115509853285,0.0024084944751381217,14.96499821025593,0.09959385142284752,0.9901587453122168,0.06637326037825622,0.11125131440588854,0.10107015457788347,217,0.7002711296081543,1
False,True,0.0,True,0.11610936965009237,0.006448193215339233,18.006496668537554,0.6063298867034804,0.9959303108557882,0.1807026608111599,0.35966234549291526,0.3743647656691135,218,0.7008184790611267,0
False,False,55.65968020030299,False,0.001740071221490202,0.0032690293296089384,0.5322898775271496,0.003356555941623628,0.40433125065233166,0.0,0.0,0.0,219,0.3879586160182953,0
False,False,64.1248781675256,False,0.01810562718172435,0.007210891222401723,2.5108723212293764,0.020272899202159553,0.8413892471793949,0.012726820780512056,0.0,0.0,220,0.6795254945755005,0
False,False,39.11521443121589,False,0.035009651149749466,0.006352257853403142,5.511371225428686,0.16725438326359657,0.9267084509481862,0.044739175410078325,0.085179182423915,0.18837785733957588,221,0.7349793910980225,0
False,False,14.317821063276353,True,0.025165931361415678,0.0024671052631578946,10.20059084516049,0.07299721724207675,0.9813642827699918,0.05265748031496063,0.07343674260785264,0.05061224489795919,222,0.3334217965602875,0
False,False,121.10326172320876,False,0.006468470115152548,0.0020007621951219513,3.2330029680305303,0.01777014064045642,0.9461480850096602,0.0,0.0,0.0,223,0.6168792843818665,0
False,False,4.47213595499958,True,0.09218914896366195,0.005366379310344827,17.179022136200462,0.5325916993264936,0.9975725908552847,0.15687509844069933,0.25803108808290154,0.43211610486891383,224,0.8106295466423035,1
False,False,223.8972978845435,False,0.0,0.007728441455696203,0.0,0.007728441455696203,0.25427178999088085,0.0,0.0,0.0,225,0.3095420002937317,0
False,False,361.09278585981195,False,0.0,0.005145155325443787,0.0,0.005145155325443787,0.25428308558736473,0.0,0.0,0.0,226,0.24003510177135468,0
False,False,386.1217424595512,False,0.0021471109550673757,0.0057664756446991405,0.37234371345019335,0.012288713203521876,0.7905045718902872,0.0,0.0,0.0,227,0.14181697368621826,0
False,False,44.01136216933077,False,0.004437026312223571,0.0026326943140323423,1.6853556786194597,0.005498432857172766,0.7848654877005417,0.00024807740014884643,0.0,0.0,228,0.6841201186180115,0
False,False,224.37914341578184,False,0.013509526088206082,0.001186650413711584,11.384588023654944,0.01576112891357876,0.9662977196650939,0.014880454773449256,0.0,0.0,229,0.05871623009443283,0
False,False,189.49670181826386,False,0.05327979121128549,0.007790834719911259,6.838778273028537,0.06837708706829626,0.9516899233956013,0.026039058587881823,0.0,0.0,230,0.03852039948105812,0
False,True,0.0,True,0.2218892614958167,0.01141541204437401,19.437691835676922,0.8103621350075262,0.9964023319908901,0.3813375704174491,0.5444985893818928,0.46410343654304187,231,0.8928200006484985,1
False,True,0.0,True,0.1970529958133004,0.008907331314878893,22.12256273482734,0.7424735556200361,0.9962235005897748,0.356246488106387,0.43969204448246363,0.4406779661016949,232,0.8305060863494873,1
False,False,74.30343195303969,False,0.0,0.002727049304295221,0.0,0.002727049304295221,0.4023349936258039,0.0,0.0,0.0,233,0.05957271531224251,0
False,False,302.92738403782516,False,0.0035539116556638317,0.004678281710914454,0.7596617466136206,0.013648663650176229,0.8455475058817546,0.0,0.0,0.0,234,0.06707077473402023,0
False,True,0.0,True,0.08210188464198163,0.006020969055374593,13.63599179582126,0.8956038432363133,0.9991471731649709,0.09491335044929397,0.2778952313836035,0.6086206896551725,235,0.9985278844833374,1
False,False,96.26006440887103,False,0.044683957509724245,0.005512011400651466,8.106651866584137,0.10255922929006896,0.9781863498860248,0.08689024390243902,0.10627719080174021,0.0,236,0.9985278844833374,1
False,True,0.0,True,0.08407884669246735,0.005687699044585987,14.782576580330918,0.8227207685374213,0.9983093957918128,0.18898809523809523,0.34113411341134114,0.4959437533802055,237,0.9590047001838684,1
False,False,126.1269202034205,False,0.029479445047566156,0.005851910828025477,5.037575915611305,0.07602100377401041,0.966850629377006,0.041222254251945804,0.0,0.0,238,0.9590047001838684,1
False,False,2.0,True,0.06118761838291849,0.004128086419753086,14.822271668086424,0.40003118657112624,0.996936194533219,0.14183927091963547,0.25146886016451236,0.3806047966631908,239,0.9437557458877563,1
False,True,0.0,True,0.19310437863992608,0.007123419943820225,27.10838054794871,0.9584597301454333,0.9996708799206372,0.2641171684296176,0.40933165195460275,0.6697440201426773,240,0.9577240347862244,1
False,True,0.0,True,0.05128171480314527,0.0015921208530805687,32.20968728844994,0.7995933830717484,0.9996629971785822,0.07706093189964158,0.12177470106985526,0.2181510710259301,241,0.6260752081871033,1
False,False,8.0,True,0.05679389514527956,0.0020875336021505377,27.2062184229138,0.4687746344081663,0.998850631473905,0.10436791264174716,0.1857943925233645,0.37751937984496126,242,0.4469567537307739,1
False,True,0.0,True,0.25548131540006713,0.006846816976127321,37.31388122259576,0.8787397735399491,0.999071290524526,0.2832161837819304,0.5272901372486435,0.5656836461126006,243,0.9783651232719421,1
False,True,0.0,True,0.2402012342452701,0.012392979452054795,19.382040870361,0.9488978843255634,0.9992602904800443,0.3073656270736563,0.5038068305416576,0.762631770265358,244,0.9510806202888489,1
False,False,11.40175425099138,True,0.12366723640391171,0.004953778135048231,24.964225896383965,0.343347327130743,0.9957465397957009,0.1856873822975518,0.3005181347150259,0.333994053518335,245,0.7326549887657166,0
False,False,16.1245154965971,False,0.06427793643163654,0.006912878787878788,9.298287790658655,0.1020532561507769,0.9656617065668609,0.09819466997803038,0.09209652424175338,0.008074798130046749,246,0.054107580333948135,0
False,False,196.70536342458993,False,0.05435437573414107,0.008263548474945533,6.577607174319787,0.1209118160726139,0.9626655282901746,0.0882449425915801,0.1151950992142762,0.06791569086651054,247,0.2414351999759674,0
False,False,128.9961239727768,False,0.0,0.001026684997179921,0.0,0.001026684997179921,0.2281825760549775,0.0,0.0,0.0,248,0.178080216050148,0
False,False,13.0,True,0.023140661582855486,0.0011116425736961452,20.81663848651835,0.08155887670223377,0.9943367510975072,0.04874732957855894,0.07682889501071319,0.1031434184675835,249,0.30577874183654785,0
False,False,70.3846574190711,False,0.014573901143393539,0.0011153875612745097,13.066221687769685,0.01863202981965001,0.9734036722950545,0.025226244343891403,0.004906204906204906,0.0,250,0.0520627424120903,0
False,False,420.47592083257274,False,0.0,0.0012070407542579076,0.0,0.0012070407542579076,0.43849023208899124,0.0,0.0,0.0,251,0.06948154419660568,0
False,True,0.0,True,0.04824750915012323,0.0029488968633705477,16.361206032474463,0.5822370176617355,0.9976668930595294,0.1500105641242341,0.2752785802723896,0.3408710217755444,252,0.8235303163528442,1
False,False,427.44941221155045,False,4.020589644530642e-05,0.001555798100490196,0.025842618288734555,0.001024465399089526,0.27596026883300767,0.0,0.0,0.0,253,0.6605401635169983,0
False,False,39.11521443121589,False,0.0004690566976333883,0.0013020833333333333,0.36023554378244227,0.001446938222885945,0.5628475990454298,0.0,0.0,0.0,254,0.5198172330856323,0
False,False,6.324555320336759,True,0.032430558070873416,0.002064443005181347,15.70910797221288,0.31117346441555327,0.9979610187170869,0.0414409534127844,0.12817648701480033,0.3025708635464733,255,0.5434415936470032,0
False,False,409.93901985539264,False,0.0,0.00307646977260122,0.0,0.00307646977260122,0.23511131201265678,0.0,0.0,0.0,256,0.29509976506233215,0
False,False,133.60014970051492,False,5.423963753230477e-07,0.0013936980609418283,0.0003891778215982514,0.0013476746253678383,0.2171288035260598,0.0,0.0,0.0,257,0.40983328223228455,0
False,False,233.80547470065795,False,0.0,0.0040564041881812965,0.0,0.0040564041881812965,0.45161094334357943,0.0,0.0,0.0,258,0.06628567725419998,0
False,False,167.40967713964446,False,0.0,0.002754859855334539,0.0,0.002754859855334539,0.31987750688256433,0.0,0.0,0.0,259,0.14878548681735992,0
False,False,399.53097501945956,False,0.009879781023829911,0.001752708731676227,5.636864155050593,0.011210193915412182,0.9270285051671445,0.0073284477015323115,0.0,0.0,260,0.09464988112449646,0
False,False,294.9050694715165,False,0.012063040601878303,0.0016515395220588235,7.304118636434696,0.022158929073184366,0.9653692257112378,0.0066974252120851315,0.0,0.0,261,0.19963042438030243,0
False,False,306.64800667866734,False,0.0,0.0006068840579710145,0.0,0.0006068840579710145,0.19775135272312,0.0,0.0,0.0,262,0.5364676117897034,1
False,False,426.10444728962875,False,0.00035632367602105627,0.0012460443037974683,0.28596388983531124,0.0019132607484948106,0.6870253136207054,0.0,0.0,0.0,263,0.4527025520801544,0
False,False,86.88498144098322,False,0.007784160984464024,0.002333797770700637,3.3354050990146917,0.01457803981688391,0.9259081003045838,0.0,0.0,0.0,264,0.829357385635376,0
False,False,600.2641085388997,False,0.0008499415090049009,0.0037429793625914317,0.2270761943011218,0.0035565741000072836,0.5178299370098598,0.0,0.0,0.0,265,0.5229668021202087,1
True,False,394.9303736103365,False,0.015151745972240813,0.005042989417989418,3.004516709511883,0.01698819396387635,0.8571144731554824,0.01708746371652336,0.0,0.0,266,0.17521299421787262,1
False,False,380.42213395122,False,0.0027772294806989923,0.0037423823696145124,0.7421020105396294,0.005833789904768566,0.7128360413523311,0.0,0.0,0.0,267,0.2345258891582489,0
False,False,217.83020910791964,False,0.0018562489728789883,0.004215440356744705,0.4403452108885825,0.00669574540683137,0.7064100719219046,0.0,0.0,0.0,268,0.27402788400650024,0
False,True,0.0,True,0.13339303515489634,0.0036739864864864867,36.307437614574084,0.5308066767394083,0.9969033237130325,0.2347276557327716,0.31878230901780585,0.27613412228796846,269,0.13193295896053314,0
False,True,0.0,True,0.07989472847205951,0.002968480138169257,26.914355075096704,0.7214048029917203,0.9987405041592234,0.11632005639760311,0.30942334739803096,0.4266917293233083,270,0.6573769450187683,1
False,True,0.0,True,0.08993093520240446,0.0027584204413472705,32.602330614429576,0.7861113604815725,0.9993805374283585,0.10664795649885984,0.19065537786139855,0.43059490084985835,271,0.8371878266334534,1
True,False,220.9886874932742,False,0.0012859561209972467,0.0007958333333333333,1.6158610944468021,0.0021182880789784916,0.8249698893222592,0.0,0.0,0.0,272,0.6931765079498291,0
False,False,199.21094347449892,False,0.0,0.0038773148148148148,0.0,0.0038773148148148148,0.1433703208815043,0.0,0.0,0.0,273,0.6131843328475952,1
False,True,0.0,True,0.15942981201173168,0.005812949143173024,27.426665550475846,0.8704904103815438,0.9992748645347286,0.20170837704181027,0.35061213857775464,0.6847400782560089,274,0.9232109785079956,1
False,True,0.0,True,0.29050071215661066,0.00979235084838533,29.6660849528805,0.8061283528553355,0.9971006502263098,0.3643621267763053,0.47903590258599044,0.5097588978185993,275,0.8426877856254578,1
False,False,228.53664913969487,False,0.0,0.0034058051601423486,0.0,0.0034058051601423486,0.2597838873312782,0.0,0.0,0.0,276,0.10721621662378311,0
False,False,84.38009243891595,False,0.0,0.003662986526946108,0.0,0.003662986526946108,0.20855068857200543,0.0,0.0,0.0,277,0.5877904295921326,0
False,False,423.94575124654807,False,0.00028391223473004263,0.0028794642857142855,0.09859897764268148,0.0023244303065429023,0.4454814605802735,0.0,0.0,0.0,278,0.4815570116043091,0
False,False,241.12444919584576,False,0.004045619537162324,0.0014636671686746989,2.764029708219455,0.004860868180646863,0.8631802176627413,0.004513474047524227,0.0,0.0,279,0.5333072543144226,0
False,False,195.57607215607945,False,0.005742985733105484,0.0014883306962025316,3.8586758626686155,0.00919597427605923,0.9257619965793755,0.0022226173541963017,0.0,0.0,280,0.6041078567504883,0
False,True,0.0,True,0.08039817765073518,0.005789930555555556,13.885862166963555,0.5896861902968475,0.995367441941502,0.1975553857906799,0.3728813559322034,0.271889400921659,281,0.676123321056366,0
False,False,105.01904589168576,False,0.0021427000292936786,0.005739703757225434,0.3733119547496398,0.004816952281942243,0.29806698558602074,0.0,0.0,0.0,282,0.7095352411270142,0
False,False,92.97311439335567,False,0.012292775647812467,0.00354801619989017,3.46468983095201,0.02025041652900465,0.8927763384776124,0.0,0.0,0.0,283,0.05381708964705467,0
False,False,135.2479205015737,False,0.02414428089057903,0.0042060718201754384,5.740339662001291,0.04673918136513232,0.9606304377325121,0.05103632716737241,0.0,0.0,284,0.30253392457962036,0
False,False,182.00274723201295,False,0.0007400005204206189,0.00251421272308578,0.2943269332884414,0.0028206726193256183,0.5842820339207921,0.0,0.0,0.0,285,0.3315031826496124,0
False,False,263.00760445279906,False,0.0,0.002010233918128655,0.0,0.002010233918128655,0.29058780443142285,0.0,0.0,0.0,286,0.145652636885643,0
False,True,0.0,True,0.31708054850256945,0.011826508620689655,26.811002187734346,0.8336773547787313,0.9976890927658424,0.4440872948739638,0.5788418149912259,0.5366094986807388,287,0.8097549080848694,0
False,False,310.9372927134987,False,0.03321948968679615,0.00612987822769953,5.419273997431924,0.06458295865425173,0.9584872795752173,0.0005332622317024396,0.0,0.0,288,0.5067998766899109,1
False,True,0.0,True,0.07891532599714027,0.005506817552602437,14.330477674867966,0.5604543085164331,0.9947390084687557,0.09672517285920523,0.21285914505956552,0.3288135593220339,289,0.6310031414031982,1
False,False,281.04448046528154,False,0.031755162114267016,0.0029484792054624456,10.770013929701928,0.05255418456830212,0.9755757418915113,0.04054144162165767,0.06928969359331476,0.006596306068601583,290,0.20590092241764069,0
False,False,260.1922366251537,False,0.006168491040824928,0.0017409605834885163,3.543153761967763,0.007443114611712683,0.8947249390732377,0.0038569654180558278,0.0,0.0,291,0.20590092241764069,0
False,False,217.0829334609241,False,5.409146526054655e-05,0.0018573479205462446,0.029122957881062096,0.0016768246073225771,0.5029940261426424,0.0,0.0,0.0,292,0.20590092241764069,0
False,False,229.38613733179255,False,0.0,0.0009225092250922509,0.0,0.0009225092250922509,0.2250307787011388,0.0,0.0,0.0,293,0.6006110310554504,0
False,False,262.77366686941826,False,0.021066069048248818,0.0035699185116851166,5.900994372643244,0.04221821070819841,0.9619773899890552,0.00029407440082340834,0.0,0.0,294,0.6006110310554504,0
False,False,204.70710783946902,False,0.00246623672005854,0.0016864621771217711,1.4623729802630878,0.004717837139203703,0.8317646383072297,0.0,0.0,0.0,295,0.6006110310554504,0
False,False,308.1720298794165,False,0.0008801098856878463,0.0014558348708487085,0.6045396379156438,0.0023424500853116456,0.7130734913982195,0.0,0.0,0.0,296,0.6006110310554504,0
False,False,229.83689869122406,False,0.009102372941613462,0.0008258258258258258,11.022146143844665,0.0200972326792643,0.9801482698823079,0.01070429388152293,0.02084073416222617,0.024154589371980676,297,0.135295107960701,0
False,False,97.62171889492625,False,0.015091507200256598,0.003347570645905421,4.50819677807719,0.022235905755480612,0.9330181629357088,0.03098831433032124,0.0075046904315197,0.0,298,0.7798075079917908,0
False,False,2.8284271247461903,True,0.07485010262626615,0.0031954575596816978,23.423907602678984,0.34983236762925995,0.9968772184461209,0.12620723522671468,0.22557050906963136,0.28774928774928776,299,0.8310726284980774,1
False,False,229.13969538253298,False,0.0035943022018713466,0.0018546388101983002,1.9380065714720158,0.006312940943526203,0.8620474077984869,0.0,0.0,0.0,300,0.6536370515823364,1
False,False,360.35121756419807,False,0.0005854541242780096,0.0017630597014925372,0.3320671011777917,0.002999739588494054,0.7109788607006182,0.0,0.0,0.0,301,0.39874500036239624,1
False,False,174.34735443934903,False,0.00018689861615067956,0.0012193991097922848,0.1532710780660782,0.0009632291970175978,0.38389353633348255,0.0,0.0,0.0,302,0.7541764974594116,1
False,False,9.219544457292887,True,0.06886753910015087,0.003395833333333333,20.280011514154857,0.3585221212880854,0.9974070145667208,0.11499118165784833,0.1825819098291795,0.32261256803562594,303,0.874382495880127,1
False,False,350.53815769470805,False,0.0,0.005513649425287356,0.0,0.005513649425287356,0.08152890397847329,0.0,0.0,0.0,304,0.7608609795570374,0
False,False,118.06777714516353,False,0.0,0.003694315159574468,0.0,0.003694315159574468,0.1705915720893761,0.0,0.0,0.0,305,0.6081750988960266,0
False,True,0.0,True,0.13440639794005244,0.006401209677419355,20.997030985280634,0.9295961053139944,0.9995472546497435,0.24329501915708812,0.5238095238095238,0.6953985742060921,306,0.8125597238540649,1
False,False,21.02379604162864,False,0.0741608512673015,0.003444220430107527,21.531970085023342,0.2826062684791468,0.9961506573057747,0.08222503694321301,0.19867380770211682,0.3121098626716604,307,0.1424882858991623,0
False,False,148.77163708180402,False,0.06520803875303734,0.00494881156930126,13.176504669836174,0.16867992339987295,0.985965596838947,0.09141389027018067,0.15483193277310925,0.08438818565400844,308,0.15393085777759552,0
False,False,41.43669871020132,False,0.0017065431610095846,0.0019112723214285714,0.8928833122712921,0.003448909805367993,0.7463540464137524,0.0,0.0,0.0,309,0.7171350121498108,0
False,False,315.27289766169247,False,0.00224567954062243,0.0019102239884393063,1.1756105850483,0.005330847872175629,0.8267843789087991,0.0,0.0,0.0,310,0.6881123781204224,0
False,False,168.51409436602032,False,0.0020814221557821535,0.008302864107251676,0.25068724826704686,0.006662389363478139,0.43988623735836685,0.0,0.0,0.0,311,0.5369111895561218,0
False,True,0.0,True,0.271488179087795,0.007632372654155496,35.57061367279825,0.9522439526508194,0.9996133431110087,0.31753224119902407,0.5703100532414657,0.6971757322175732,312,0.8327763676643372,1
False,True,0.0,True,0.2529810045040444,0.007239856020942409,34.94282258821965,0.9355216675603505,0.9994567509480403,0.3211175616835994,0.5623385012919897,0.6549486208761492,313,0.8986872434616089,1
False,False,129.0155029444136,False,0.017906881867788004,0.0078125,2.2920808790768645,0.023547131339719564,0.8528693595800525,0.0,0.0,0.0,314,0.4326525628566742,0
False,False,340.39095170112853,False,0.009323189141019806,0.006179775280898876,1.5086615155468412,0.013067340256159722,0.7842300989821549,0.0,0.0,0.0,315,0.37532180547714233,0
False,False,309.7256850827842,False,1.5687057950907396e-05,0.0027016129032258066,0.005806552793768707,0.0019333711430809483,0.14425173728555296,0.0,0.0,0.0,316,0.7949177622795105,1
False,True,0.0,True,0.3123532034223039,0.012117635951661631,25.776744298005788,0.9253273693423077,0.9987988487594273,0.4667637953014023,0.6980572933816266,0.3490455784962992,317,0.8435487151145935,1
False,True,0.0,True,0.1687069882241834,0.0059221311475409835,28.487546800484946,0.8081808807155721,0.9981616733164862,0.32214001138303927,0.5337763012181617,0.43094841930116473,318,0.6590831279754639,1
