peak_in_padding,pointing_hit,peak_dist_px,pointing_hit_tol,energy_concentration,chance_rate,concentration_ratio,pixel_ap,pixel_auroc,iou@0.3,iou@0.5,iou@0.7,prob_malignant,label
False,False,71.06335201775947,False,0.01761096356340163,0.02784276832460733,0.6325148188600603,0.026124854164633733,0.515623855428072,0.0,0.0,0.0,0.4458440840244293,1
False,False,311.1735849971845,False,0.007038122610039372,0.026399101307189542,0.26660462900388987,0.02091472706233681,0.40421642482038556,0.00044751628462035703,0.0,0.0,0.5001252889633179,1
False,False,285.50656735003486,False,0.0011276485538539215,0.0007264760147601476,1.5522171839716201,0.0018094200341271893,0.8035106388240006,0.0017606371829805073,0.0,0.0,0.6025583148002625,0
False,False,260.2498799231231,False,0.0007165815622056965,0.0004515105078809107,1.5870761581360588,0.0009418285226924063,0.7662179249202725,0.0013685374619850706,0.0,0.0,0.554897665977478,0
False,False,105.17128885774862,False,0.0,0.011255837711617046,0.0,0.011255837711617046,0.09025074263362792,0.0,0.0,0.0,0.554897665977478,0
False,False,307.19700519373555,False,0.0005737477957909878,0.00048491379310344827,1.1831954544311927,0.000832976542547825,0.6964423151791757,0.0,0.0,0.0,0.572111189365387,0
False,False,266.865134478073,False,0.009325799280652873,0.008463541666666666,1.1018790534679088,0.010874207897279603,0.6408808982113283,0.0,0.0,0.0,0.572111189365387,0
False,False,270.69170655932555,False,0.008367721628954458,0.005104347511574074,1.6393322770404453,0.008744223653575228,0.683535680618053,0.011461772085038954,0.0,0.0,0.5024936199188232,0
False,False,117.06835610018618,False,0.010210784039712829,0.00892920197740113,1.1435270548874634,0.010915201124080278,0.5320756547040213,0.01700497619303333,0.0,0.0,0.4908463954925537,0
False,False,313.3209217399949,False,0.0007661021656830124,0.0007766812865497076,0.9863790707335163,0.0011319340746718707,0.6652103645170747,0.0,0.0,0.0,0.4840041399002075,0
False,False,306.8110167513546,False,0.0005120252338549966,0.000849780701754386,0.6025380816461379,0.0010025945057523138,0.5848154208890687,0.0,0.0,0.0,0.4840041399002075,0
False,False,251.62273347215668,False,0.0006019752976968094,0.0007681354916067146,0.7836837436552414,0.0008799750363132488,0.5716509430726631,0.0,0.0,0.0,0.5319742560386658,0
False,False,244.56083087853622,False,0.00042034187586103915,0.001259929556354916,0.33362331547894164,0.0010806578677181632,0.45563917429528467,0.0,0.0,0.0,0.5319742560386658,0
False,False,325.5718046760192,False,0.03236271290336895,0.013072115384615385,2.4757058785953445,0.12169831093227457,0.9529882369243509,0.0388528478751679,0.12036800408893432,0.07983870967741935,0.613323450088501,1
False,True,0.0,True,0.03446670666589972,0.008996478873239436,3.8311329522957025,0.5079289506187751,0.9897590692849131,0.030925183448067176,0.07978453491549241,0.20598194130925507,0.6062156558036804,1
False,False,31.0,False,0.021806554729630265,0.007845833333333333,2.7793803160442185,0.03270082754723909,0.887716409560315,0.04172792830637821,0.013641561836301257,0.0,0.4642010033130646,0
False,False,114.82595525402782,False,0.0023691655409898613,0.006676509186351706,0.354850937048506,0.007371489774486473,0.5745679835939608,0.0,0.0,0.0,0.375643253326416,0
False,False,270.0,False,0.011138009863428265,0.00586314308681672,1.8996653669380994,0.012089683436489512,0.7805728814545952,0.012395242635620012,0.0,0.0,0.48612016439437866,1
False,False,152.8201557386983,False,0.00018201241236016485,0.0004559608540925267,0.3991842955957567,0.0003623574194651944,0.38235823284366866,0.0,0.0,0.0,0.5881398320198059,0
False,True,0.0,True,0.4818979572808306,0.3085480385638298,1.5618247308389215,0.4674331254722703,0.6020172118822636,0.2149259932485069,0.14109151848976625,0.05924754810011255,0.37411680817604065,1
False,False,193.08029417835473,False,0.3722766323447438,0.4028679653679654,0.9240661068812445,0.39164309434515154,0.49509827613194735,0.070357390639176,0.036144104460001575,0.003119342994773822,0.4140755832195282,1
True,False,283.83269720030495,False,0.017433440969028078,0.006192333040421793,2.8153267686391414,0.024390763511817945,0.8865242869318861,0.022724711715434023,0.0,0.0,0.5564864277839661,1
False,False,56.60388679233962,False,0.039963371078549706,0.029440789473684212,1.3574150623328614,0.043680909642502645,0.6590564420503192,0.04977632226717182,0.05518787591351025,0.0,0.5855737924575806,1
False,False,322.88852565552713,False,0.03518407534225516,0.024223694620253165,1.4524652780603557,0.03575606446404823,0.6963610379418744,0.04139713343480467,0.0,0.0,0.5486651659011841,1
False,False,205.6428943581567,False,0.01262237337987785,0.014294563093243997,0.8830191799176801,0.01374620941990404,0.534895577153969,0.011491964913677561,0.003452842682811465,0.0,0.5051722526550293,0
False,True,0.0,True,0.1148955916116649,0.03783854166666667,3.036469867782472,0.34895079673052404,0.8141595780077777,0.1167809373946274,0.17833517089305403,0.20471281296023564,0.5332983136177063,0
False,False,136.8575902169843,False,0.0033812099877011943,0.0023125,1.4621448595464626,0.004013454921257322,0.7357114818972638,0.004239056425574908,0.0,0.0,0.523812472820282,0
False,False,304.00657887618155,False,0.0,0.0021875,0.0,0.0021875,0.18842557379983,0.0,0.0,0.0,0.4597100019454956,0
True,False,261.6123085789352,False,0.0019515215272272856,0.0029102782509937536,0.6705618359897073,0.002147366866373104,0.3556247654596416,0.0,0.0,0.0,0.6239850521087646,1
True,False,235.28068344001383,False,0.003593911161106373,0.002656953828828829,1.352643437801307,0.003986638769804825,0.6733576626878133,0.0,0.0,0.0,0.542759895324707,1
False,False,440.50085130451225,False,0.0,0.002043269230769231,0.0,0.002043269230769231,0.14528662107850354,0.0,0.0,0.0,0.5383777022361755,0
False,False,66.49060083951716,False,0.002437857297137109,0.0010699632144878324,2.278449636517698,0.004059343268744726,0.8757639728328473,0.00250740825165261,0.00470286447199658,0.0,0.5731203556060791,0
False,False,296.2853354454115,False,8.803780022953221e-06,0.0014887225969645868,0.005913647069577357,0.0009658337787149555,0.25852507737892827,0.0,0.0,0.0,0.5458058714866638,1
False,False,245.39967400141344,False,0.0023513601902541382,0.0014980490523968785,1.5696149511873205,0.003752202703431205,0.8090140443865459,0.0,0.0,0.0,0.6011623740196228,1
False,False,407.5782133529711,False,0.0009133183233619961,0.000792572463768116,1.15234677599045,0.0009162390349173002,0.5878751995368496,0.0011303527139439433,0.0,0.0,0.6348461508750916,1
False,False,509.8676298805407,False,0.0003504103344878611,0.0005199809056192035,0.6738907731055731,0.0004325445983599901,0.4083951851366642,0.0,0.0,0.0,0.6579775214195251,1
False,False,295.6095397648729,False,0.00796901980449331,0.001962230477855478,4.061204784262984,0.019116132034189038,0.95310890128923,0.022991992234894443,0.0,0.0,0.4506629407405853,0
False,False,53.23532661682466,False,0.012638088270426966,0.002456253585771658,5.145270155995142,0.02581924961088694,0.957198486777969,0.01791142343520183,0.03366457108091665,0.013612565445026177,0.48732998967170715,0
False,False,279.7320146139873,False,6.925837790453368e-05,0.00013065888119953863,0.5300701894023124,0.00017671110905848904,0.6257851628251925,0.0,0.0,0.0,0.4611920416355133,0
False,False,346.44624402640017,False,0.0015112172434100107,0.0004370314302191465,3.457914325869471,0.0024207874990377527,0.9126018038623258,0.002603634878497039,0.0,0.0,0.4611920416355133,0
False,False,294.8236761184556,False,0.00021632491001521853,0.00019273522662076879,1.12239424939617,0.0002859691142342865,0.6652376245396634,0.0,0.0,0.0,0.5434700846672058,0
False,False,266.7376988728815,False,9.34345289414396e-05,0.0007216365461847389,0.12947588288789405,0.0005671092493799959,0.3844601757801057,0.0,0.0,0.0,0.5434700846672058,0
False,False,371.63557418524937,False,0.04100554950805239,0.018043785310734462,2.27255804709989,0.05459749795748201,0.8513862101971943,0.06730061530308828,0.0,0.0,0.5076180100440979,1
False,False,418.8221579620639,False,0.0005545054345568894,0.003530966767371601,0.1570406834980367,0.0024818457851419093,0.34009789342427277,0.0,0.0,0.0,0.5171703100204468,1
False,False,310.84562084739105,False,0.0020904387019376105,0.0009539072039072039,2.191448700015236,0.0025940733106979185,0.8263806429744491,0.003814901003318964,0.0,0.0,0.5247822403907776,1
False,False,295.7177708559295,False,0.0008770805502714012,0.0005961920024420025,1.4711377319368244,0.000980032145524308,0.7058880685695741,0.0,0.0,0.0,0.5247822403907776,1
False,False,265.93608254616373,False,6.2580407428476215e-06,0.0010012409747292418,0.0062502842979832475,0.0009116833466166273,0.2242730800592277,0.0,0.0,0.0,0.46404674649238586,1
False,False,243.67396249907375,False,0.0,0.0006862966305655837,0.0,0.0006862966305655837,0.19947786819699892,0.0,0.0,0.0,0.46404674649238586,1
False,False,125.15989773086265,False,0.0035414557631930155,0.007679503020318506,0.46115689437493496,0.008576264037482642,0.5971680007860425,0.0,0.0,0.0,0.36959901452064514,0
False,False,339.3287491504367,False,0.00040825031817666853,0.0041485507246376814,0.09840793695786944,0.002792522981507205,0.29850307782372587,0.0,0.0,0.0,0.4975644648075104,1
False,False,220.31114361284588,False,0.004397640507454179,0.0024164244186046513,1.8198957408291578,0.0044274175264314986,0.7506767723509513,0.004532969671359699,0.0,0.0,0.31581100821495056,1
False,False,469.5913116743111,False,0.0035855175398522314,0.004136904761904762,0.866715031216079,0.004233754031609044,0.5617737094505979,0.0,0.0,0.0,0.5649422407150269,0
False,False,340.7007484582328,False,0.018479545317314078,0.011205357142857144,1.6491705781188657,0.02945987251390949,0.8322220117678187,0.0010140445165542768,0.0,0.0,0.6130740642547607,0
False,False,160.262285020525,False,0.011415014319228015,0.008435333622183709,1.3532380378184659,0.011211422931591115,0.6598036628406065,0.005425149057313209,0.0,0.0,0.4830775260925293,0
False,False,89.20201791439474,False,0.016435302330898918,0.010516652123327516,1.562788436677766,0.01745291735095774,0.7300709816968995,0.02100333112468572,0.0147468399628651,0.0,0.5999445915222168,0
False,False,307.97564838798536,False,0.0,0.014026988636363636,0.0,0.014026988636363636,0.22929261746117502,0.0,0.0,0.0,0.42265599966049194,1
False,False,221.45202640752692,False,0.024638306569397295,0.02506026170798898,0.9831623810035005,0.02647452710204118,0.5719630839543313,0.0221441534439986,0.0034982052686013264,0.0,0.5856789946556091,1
True,False,338.43463179763387,False,0.0,0.0019569174757281555,0.0,0.0019569174757281555,0.13455994487594553,0.0,0.0,0.0,0.5415061116218567,1
True,False,381.1836827567518,False,0.0,0.0016231796116504855,0.0,0.0016231796116504855,0.13468210434615246,0.0,0.0,0.0,0.5415061116218567,1
False,False,278.29840100151495,False,0.0015782061004920526,0.0015682656826568266,1.0063384781961089,0.0020860602333279857,0.6533260076240142,0.0,0.0,0.0,0.5612631440162659,1
False,False,360.347054934545,False,0.0014569708259471392,0.0018680811808118082,0.7799290742354068,0.0021516791572796083,0.5890092713114079,0.0,0.0,0.0,0.5612631440162659,1
False,False,251.43189932862538,False,0.005242398506551895,0.017646144278606966,0.29708464488230646,0.013710782634442337,0.34143575072236304,0.0008268714857961854,0.0,0.0,0.37578585743904114,0
False,False,209.2868844433401,False,0.06186403806938336,0.023034218835804504,2.6857450000961873,0.09680736921866509,0.8873132405047036,0.06960861570790648,0.10013669623951325,0.06870810481413772,0.48412901163101196,0
False,False,30.886890422961002,False,0.043917975186120214,0.03443733377659575,1.2753012608649654,0.043358543233371225,0.5834551191635344,0.049531783628952296,0.012673791733661212,0.0,0.5568891167640686,1
False,False,207.28000385951367,False,0.03177214493247984,0.046746858465608464,0.6796637458719182,0.037971700844383394,0.40101726953599,0.027982100674105514,0.0,0.0,0.5598028302192688,1
False,False,268.96282270975667,False,0.0004281891249193067,0.0012477313974591652,0.34317412048078255,0.0007087655394109184,0.12087834262557431,0.0,0.0,0.0,0.6568031311035156,1
False,False,439.7419697959248,False,6.341900946177763e-05,0.001210212201591512,0.052403214393622284,0.0006874920526217517,0.14235967186224927,0.0,0.0,0.0,0.6123412251472473,1
False,False,414.18957012459884,False,0.005356076483394911,0.0038898273273273274,1.3769445357552756,0.006990420206403804,0.7456628726032505,3.159158400202186e-05,0.0,0.0,0.5415997505187988,0
False,False,236.8459414893994,False,0.0062971895887960925,0.004469032429558746,1.409072251779979,0.006356153639336759,0.6748971550354553,0.008453284480502487,0.0,0.0,0.5713524222373962,0
False,False,234.93190502781866,False,0.0,0.0003766166960611405,0.0,0.0003766166960611405,0.14816261268298064,0.0,0.0,0.0,0.4901398718357086,0
False,False,106.53168542738823,False,0.0,0.00026268115942028986,0.0,0.00026268115942028986,0.14639262125014724,0.0,0.0,0.0,0.4487071931362152,0
False,False,195.0,False,0.09764672080546578,0.1252680200729927,0.779502388147971,0.10443619910397088,0.4541739192198825,0.037613508442776736,0.0,0.0,0.6039371490478516,1
False,True,0.0,True,0.13733433236107995,0.06081140350877193,2.2583647874739436,0.6611901947136204,0.9267807584470604,0.1441455149042119,0.33058097150933574,0.3450956415407459,0.6040748953819275,1
False,False,182.60339536821323,False,0.28990280695816184,0.19204545454545455,1.509553077651967,0.2836288299018016,0.6660259304603028,0.23051284652281653,0.06561618901459723,0.008874554269001161,0.5099133253097534,1
False,False,43.0,False,0.4093098991127064,0.19876622267759564,2.0592527925462387,0.4753656855555469,0.7787256585961174,0.35426550296357995,0.3344330174546801,0.13976085189077714,0.4807441532611847,1
False,False,413.6520276754364,False,0.012183344287775733,0.005651939655172414,2.155604098962036,0.018458527358320855,0.8557782826729045,0.025020096463022508,0.0,0.0,0.5936630964279175,0
False,False,266.62708039507163,False,0.0027898424213104655,0.00102114602876798,2.732069990691175,0.005367539657143171,0.9112651422736093,0.008169719330610094,0.0,0.0,0.5394753813743591,0
False,False,381.43544670101124,False,0.0007009352972168287,0.0005825109649122807,1.203299747880937,0.0007297117901703921,0.6115410099094666,0.0,0.0,0.0,0.5461269021034241,0
False,False,67.446274915669,False,0.0013756782844927139,0.0005297991653625457,2.596603344120647,0.002021791085128253,0.8807612325206904,0.0018265866715375645,0.0019626707715989992,0.0,0.5205238461494446,0
True,False,237.0759372015642,False,0.0031084769514392284,0.005323483560090703,0.5839178268047972,0.004927756068770222,0.48161574920881894,0.0,0.0,0.0,0.46353933215141296,1
False,False,144.83784035948617,False,9.613493542997615e-05,0.003370358560090703,0.028523652221557394,0.002237001384292839,0.283080334950026,0.0,0.0,0.0,0.42201536893844604,1
False,False,384.4008324652797,False,0.005775572777706723,0.011567540322580646,0.4992913460117707,0.00933913729617929,0.4411559089298956,0.0,0.0,0.0,0.5257757306098938,0
False,False,264.51843035977663,False,0.001452093783510786,0.004843247588424437,0.2998182019398204,0.0035566846919968553,0.34899118524353656,0.0,0.0,0.0,0.5190017223358154,0
False,False,197.4968354176846,False,0.0027351082604733213,0.001533132946379215,1.7839994026172352,0.004318419893312191,0.8342985650856745,0.0031844208334609143,0.0,0.0,0.6162729859352112,0
False,False,202.1410398706804,False,0.0011084568041651206,0.001286967938087341,0.8612932547585302,0.0015513056880848623,0.6208789249021806,0.0,0.0,0.0,0.6162729859352112,0
True,False,324.07560846197606,False,0.002315283334491823,0.001380024941314554,1.677711224759736,0.0029606231433974644,0.7776144077241156,0.0,0.0,0.0,0.5528008341789246,0
True,False,310.01451578918045,False,0.0014417092072583526,0.0009215448943661971,1.5644481523061384,0.0018303578207008642,0.7636704391000287,0.0,0.0,0.0,0.5528008341789246,0
False,False,188.2153022471871,False,0.00610677688121108,0.0009918478260869566,6.156969567905966,0.01693796176572255,0.9731833359385329,0.011591594770549938,0.023642408570373107,0.0,0.5180150866508484,0
False,False,63.245553203367585,False,0.0002738291065199004,0.00012928486997635933,2.118029020487641,0.0003600837537355478,0.8185075760174583,0.0006526198023494313,0.0,0.0,0.529324471950531,0
False,False,365.3121952522253,False,0.0008171781182294656,0.0012158526490066224,0.6721029220910261,0.0013878980356166878,0.5733177926091413,0.0,0.0,0.0,0.4624645709991455,0
False,False,189.76037521042164,False,0.0010196364316563595,0.0014583333333333334,0.6991792674215036,0.0014443574512142125,0.5071521182822005,0.0,0.0,0.0,0.46318161487579346,0
False,False,227.85302280198084,False,0.009568140666442996,0.0052671370967741936,1.8165733093036271,0.010509277443373178,0.7665005866863593,0.015542430836182779,0.0,0.0,0.5348079204559326,0
False,False,268.00186566514793,False,0.002844832525583531,0.0009877873563218392,2.8800050004452906,0.007324299811334097,0.9379197548518897,0.003261191817373258,0.010635726371766982,0.0,0.5282086730003357,0
False,False,400.64947273146385,False,0.024067894693542296,0.034726456639566396,0.6930708463390988,0.03256115541186122,0.5260371821729972,0.009644221018792207,0.0,0.0,0.42982980608940125,1
False,False,405.8780605058618,False,0.005492003241270537,0.006321985094850949,0.8687149936091426,0.00771710337159111,0.6309638145350889,0.0,0.0,0.0,0.42982980608940125,1
False,True,0.0,True,0.1479701344789986,0.028175349973586897,5.251758527142123,0.4741434102220068,0.9470676140128136,0.13893239639334548,0.17740036393477718,0.26258473965094475,0.3640277087688446,1
False,False,68.4470598345904,False,0.0517850680340708,0.016017069466455362,3.2331175276803634,0.051508591906505606,0.8575418930657697,0.05772749958409582,0.05772005772005772,0.0064975461394898735,0.3640277087688446,1
False,False,113.17243480636087,False,0.04378910118148389,0.010717941098784997,4.085588899760597,0.049451243863751125,0.9027446281690588,0.04988988649839065,0.06127342481924155,0.012275083867032632,0.3640277087688446,1
False,False,214.03270778084362,False,0.08976216875779318,0.11815271406727829,0.7597131345343534,0.11080213399988377,0.5160356289184558,0.005232368009883362,0.0,0.0,0.5216243863105774,1
False,False,2.8284271247461903,True,0.05989192977113383,0.03846331120943953,1.5571184042115274,0.054775624195792266,0.5612772643429222,0.05788470190021209,0.0575716612942359,0.04833892106065224,0.4654967188835144,1
False,False,110.0,False,0.023514026101746844,0.012322364790286975,1.9082397333571575,0.031245838157967505,0.7914327638385075,0.028419131909024297,0.026950278611230175,0.0,0.5787407159805298,0
False,False,55.71355310873648,False,0.029725582364911535,0.016046135863586358,1.8525072090638388,0.03283206344629179,0.7831541569253371,0.03688520541720585,0.03550789064236497,0.0,0.5764768123626709,0
False,False,146.12323566086263,False,0.010342438551826053,0.0031563021702838063,3.276758052254575,0.025206727549507292,0.9433124435990992,0.010340849203070919,0.01684689283891029,0.020993575242059543,0.4724023938179016,1
False,False,370.95147930693037,False,0.007876094057736715,0.004727628410914928,1.6659714709287972,0.01182933933048625,0.8190959675327582,0.012556074028989428,0.010458839406207827,0.0,0.6237583756446838,1
False,False,222.27235545609355,False,0.0001098130321560965,0.0005492424242424242,0.19993545164972054,0.00034662587903762924,0.22526327972717514,0.0,0.0,0.0,0.6182575821876526,0
False,False,243.90571949013415,False,0.00043537633018325163,0.0005255681818181818,0.8283917201324571,0.0005738288977955774,0.5443188025511121,0.0,0.0,0.0,0.6182575821876526,0
False,False,309.2313050129304,False,0.0010145130953542493,0.0007149621212121213,1.4189746075418375,0.0013638750337204486,0.7416276230255558,0.0,0.0,0.0,0.6182575821876526,0
False,False,326.98929646090863,False,0.0020071855385212136,0.0007433712121212121,2.7001120110552885,0.004367452423516727,0.918283942557545,0.003148374676639862,0.007592610503917207,0.0,0.6182575821876526,0
False,False,342.06578314704325,False,0.002764762526222368,0.0008191287878787878,3.3752476620703127,0.01232088292666973,0.9693872556263586,0.003469228146870676,0.008366379727246348,0.0036559553588608813,0.6182575821876526,0
False,False,324.154284253656,False,0.0022013692528108373,0.000643939393939394,3.4185969573062414,0.010528718123946313,0.9714775320449219,0.002727254496961919,0.006577038398297708,0.0038767202946307423,0.6182575821876526,0
False,False,173.65770930194836,False,0.0007127048809214249,0.0007406345565749235,0.962289532124102,0.000883352079596801,0.5957978828837515,0.0,0.0,0.0,0.586048424243927,0
False,False,220.75552088226468,False,0.000714271252268056,0.00031536697247706424,2.2648892071917994,0.001013145179919555,0.8475639051329492,0.0011027937441518514,0.0,0.0,0.586048424243927,0
False,False,227.705950734714,False,0.0010418587897998881,0.000525611620795107,1.9821837048120055,0.0011357522729349867,0.7754505686979273,0.001837989573586419,0.0,0.0,0.586048424243927,0
False,False,273.7608445340568,False,0.0011625316672956665,0.0007597477064220184,1.5301548888782206,0.0012277364995293026,0.6981477035398151,0.0006002901402344466,0.0,0.0,0.586048424243927,0
False,False,313.38315206788,False,0.0002024382196820145,0.0002819189602446483,0.718072383305966,0.00030216293733336346,0.5376690724972596,0.0,0.0,0.0,0.586048424243927,0
False,False,345.1753177734468,False,5.658810336294656e-05,0.0005925076452599388,0.09550611509514077,0.00042968336414324056,0.3131516397083455,0.0,0.0,0.0,0.586048424243927,0
False,False,382.95822226451804,False,0.0014409157903647885,0.0008758618105515587,1.6451405609948866,0.0015647709179485137,0.7293310106956132,0.0026199282672046626,0.0,0.0,0.5644879341125488,0
False,False,357.64367742209566,False,0.001114496310883666,0.00046837529976019186,2.3794942035890623,0.001535218703026569,0.8576934124946112,0.0014010311589329747,0.0021123907633543606,0.0,0.5644879341125488,0
False,False,292.138665705175,False,0.0018372315678043241,0.0009133318345323741,2.011570711038433,0.0021348023317519205,0.7952017363518988,0.0027320107599193007,0.0,0.0,0.5644879341125488,0
False,False,375.9255245391034,False,0.002215086425472586,0.0007868705035971223,2.8150584058577324,0.0049883163411745335,0.9276888921700979,0.0023537323470073975,0.004865193594161768,0.0,0.5644879341125488,0
False,False,274.93453766305896,False,0.00204727037046772,0.0006604091726618705,3.1000029303286536,0.007408812208510621,0.958448481050657,0.0019754539340954944,0.004083287480814341,0.004192605768009148,0.5644879341125488,0
False,False,255.9726547895302,False,0.001495194225762615,0.000576101618705036,2.595365430709117,0.002558988441656007,0.8942913212646123,0.0017232683254875588,0.0035620167385827226,0.0,0.5644879341125488,0
False,False,147.98986451781082,False,0.002228432268815971,0.0008603872202591284,2.5900341338691892,0.0028105471995116594,0.8551022093751683,0.002573630608312689,0.004888888888888889,0.0,0.5133518576622009,0
False,False,283.6370920736567,False,0.002407427510840349,0.000823579210836278,2.9231280721568984,0.004843642468998563,0.9177668886271502,0.0024635287641067987,0.004679738562091504,0.0,0.5133518576622009,0
False,False,285.112258592997,False,0.0011259332138020698,0.0003956861012956419,2.8455212607046168,0.00201899264366557,0.9034689385484668,0.0011835948252133224,0.0022483660130718955,0.0,0.5133518576622009,0
False,False,291.5956103922005,False,0.002967109615581694,0.000869589222614841,3.412081863962898,0.010150693681353958,0.9605014168920134,0.002601156069364162,0.004941176470588235,0.011161217587373169,0.5133518576622009,0
False,False,339.418620585259,False,0.0024073719817849113,0.0006073321554770318,3.9638473940080288,0.017830230508799574,0.983720694040566,0.0018166804293971925,0.0034509803921568627,0.015034168564920273,0.5133518576622009,0
False,False,365.08766070630213,False,0.0009416857488886415,0.0009063972320376914,1.0389327279515375,0.0011294990576404505,0.6156905709316333,0.0002471203613448839,0.0,0.0,0.5133518576622009,0
False,False,287.60041724587256,False,0.002161485027704578,0.001691077817531306,1.2781700553910575,0.0027638441469429106,0.7215681140670418,0.0,0.0,0.0,0.5312336683273315,0
False,False,197.03045449879062,False,0.00015954027106983914,0.0013578869047619047,0.1174915749686925,0.0010487317438528858,0.39333362633896984,0.0,0.0,0.0,0.5395256280899048,0
False,False,264.841462010766,False,0.032164511999617174,0.10424584740990991,0.3085447794686882,0.0635038626879431,0.2272583074411019,0.008100620696910543,0.0,0.0,0.6021773815155029,1
False,False,207.85812469085735,False,0.12384929745971254,0.13415152186761228,0.9232045655205723,0.12466902528536672,0.5205985126872485,0.0803329975078212,0.010654985079195042,0.0,0.5806089639663696,1
False,False,245.12241839538055,False,0.004899033513350572,0.006295214245965498,0.7782155335682631,0.005372358675349364,0.4576443944483753,6.137755790972588e-05,0.0,0.0,0.550891101360321,1
False,False,213.84573879317773,False,0.0027927252790435246,0.004310941828254848,0.6478225386247147,0.004056237350721578,0.5177795478832441,0.0,0.0,0.0,0.41819363832473755,1
False,False,280.31589323475754,False,0.0,0.006767349498327759,0.0,0.006767349498327759,0.09094695674286868,0.0,0.0,0.0,0.5538633465766907,1
False,False,209.40152817016403,False,0.0010828422452252569,0.006863962472406181,0.15775759986718918,0.004625713787459871,0.29048938461190754,0.0,0.0,0.0,0.5353902578353882,1
False,False,327.46602877245147,False,0.00884832608988392,0.06811779350104821,0.1298974267237203,0.05084475228553446,0.3333748919531526,0.0,0.0,0.0,0.40762588381767273,1
False,False,289.22828354087363,False,0.11620586794672204,0.06300578517924024,1.8443682213647052,0.120679866487547,0.7796143200896035,0.1305890258958851,0.05463960616756455,0.00213977303121776,0.530022144317627,1
False,False,281.58480072617556,False,0.012801464186147036,0.03328081232492997,0.3846499917478794,0.027125525675679486,0.4568463928466022,0.0,0.0,0.0,0.4907000958919525,0
False,False,16.1245154965971,False,0.09330157699995191,0.027404538904899134,3.4046030595053107,0.2327636372488776,0.90531329981717,0.11651156362296139,0.27716657016020074,0.04779293308989367,0.5496917963027954,0
False,False,233.8482413874434,False,0.0488303852854589,0.05889963624338624,0.8290439194510644,0.05315679797433889,0.4473150287298703,0.039206441767267584,0.03814492505719601,0.02274262553478946,0.5433419346809387,0
False,False,149.21796138535066,False,0.07841464538484168,0.05610832678197065,1.39755807884898,0.08030389035052245,0.677059498767851,0.084518942491142,0.00496605930689532,0.0,0.5805288553237915,0
False,False,381.3712102401019,False,0.021728971730921504,0.015406746031746032,1.4103543789290969,0.023614532537021494,0.7083271654035246,0.013944655453065655,0.0,0.0,0.5219815969467163,1
False,False,81.02468759581859,False,0.01852638445411327,0.014787137681159421,1.2528715734971547,0.019117671859140033,0.645842438056561,0.020665080046298103,0.0,0.0,0.5195218920707703,1
False,False,109.62207806824317,False,0.0017265416666649748,0.0058135474860335195,0.2969859059056149,0.0042879494597099724,0.3787053264610247,0.0,0.0,0.0,0.504207968711853,0
False,False,353.79372521287036,False,0.0,0.004101015406162465,0.0,0.004101015406162465,0.14054266666080695,0.0,0.0,0.0,0.47537586092948914,0
False,False,159.02829936838285,False,0.0017477814560011987,0.0018288352272727273,0.9556801126406554,0.0019526691160584478,0.5428244332683805,0.0,0.0,0.0,0.6097988486289978,1
False,False,17.46424919657298,False,0.019214454100611938,0.008706039755351683,2.2070257706784115,0.03956317117436122,0.8926543570074343,0.028628681241068935,0.04739855194477185,0.016439403593730088,0.6038070321083069,0
False,False,185.58555978308226,False,0.015394960366173141,0.011960078534031414,1.2871955917653932,0.01960261830191855,0.6946898342662535,0.025830035953160465,0.0,0.0,0.6161182522773743,0
False,False,82.29216244576394,False,0.021923123939967062,0.025634328358208957,0.8552252133786277,0.02386728793237373,0.4895917574196481,0.02416880119702772,0.0,0.0,0.5775280594825745,0
False,False,57.688820407423826,False,0.03151909315183533,0.021785013089005236,1.4468246139242773,0.03654647038793129,0.6444292289727975,0.029844976739846176,0.044707212512366326,0.021193530395984383,0.58316570520401,0
False,False,113.0,False,0.012286572922667155,0.00807904411764706,1.5207953742732496,0.015271574116119636,0.7595523975375785,0.01874828222545055,0.0,0.0,0.5953134298324585,1
False,False,185.14858897652988,False,0.018229929657513695,0.008427622126436782,2.163116640022083,0.02626850740890399,0.8558600637059557,0.0278697530772543,0.025895068678225625,0.0,0.6061366200447083,1
True,False,396.0227266205817,False,0.0,0.005188160211267606,0.0,0.005188160211267606,0.12384067869724641,0.0,0.0,0.0,0.5603451132774353,1
False,False,182.20043907740728,False,0.006842538078393895,0.006845238095238095,0.9996055627566733,0.0072697208244499375,0.5785239244077891,0.0,0.0,0.0,0.6123871803283691,1
False,False,107.0,False,0.05855324988246939,0.018637628424657535,3.1416684863726325,0.1336396541232078,0.9456568274259831,0.08090216482393385,0.18235043644879712,0.06496919173613629,0.559867262840271,1
False,False,2.0,True,0.06916091339546505,0.01565340909090909,4.418265247768367,0.3791042704712455,0.979627495842543,0.06680893372456774,0.17895162377038135,0.2576966932725199,0.5554925799369812,1
False,False,323.7854227725516,False,0.016126285494257923,0.010017605633802816,1.6097944043477155,0.023998234031040313,0.8092834477907929,0.019059262919014882,0.024143007360672975,0.007623224728487886,0.6065671443939209,1
False,False,467.73176073471853,False,0.01593771921118712,0.009998292349726776,1.5940441281078015,0.018924240627854687,0.7328908995215577,0.02325957034404781,0.0,0.0,0.5637841820716858,1
False,False,124.66354719804824,False,0.0064206915056856115,0.0028444840604026846,2.257242919749972,0.010684007836788504,0.8716076129407309,0.007400923125895273,0.01746385170480457,0.0,0.5217450261116028,0
False,False,86.97700845625813,False,0.011341920980285015,0.004577805417357656,2.477589138515996,0.01672542787135261,0.8736524928299398,0.01587444214814149,0.020719497173178357,0.0,0.44339972734451294,0
False,False,120.83045973594572,False,0.02869261897209416,0.01176321138211382,2.439182468124463,0.09452494916516962,0.935765125421326,0.026579408134561843,0.05523975800885136,0.09825119236883943,0.4909408688545227,1
False,False,4.242640687119285,True,0.03130127132118453,0.009872159090909091,3.1706611525343753,0.18933495717786974,0.9779471014408169,0.02681905367215608,0.0664735006188815,0.18475464506908051,0.5589162707328796,1
False,False,186.07794065928394,False,0.003981857595174808,0.001160453216374269,3.4312952379207164,0.011256852305768285,0.9527621092534181,0.005467421486535937,0.012413253836379631,0.0,0.4715384542942047,0
False,False,214.66718426438635,False,0.0,0.0021361137667304016,0.0,0.0021361137667304016,0.12623314022245175,0.0,0.0,0.0,0.45025506615638733,0
False,False,209.0095691589263,False,0.01885396601213933,0.01505199016100179,1.2525895785520829,0.019258326435852197,0.6462563121311309,0.00968342644320298,0.0,0.0,0.5208296179771423,1
False,False,226.52372944131042,False,0.012030605533772179,0.008552900326797386,1.4066112165575781,0.013371109141478994,0.7015336134032111,0.014132282264681748,0.014200439836632108,0.002923026956804157,0.6155761480331421,1
False,False,126.58988901172162,False,0.0,0.0013773350846468183,0.0,0.0013773350846468183,0.12199833761109236,0.0,0.0,0.0,0.5194093585014343,0
False,False,294.45712760943655,False,0.00018464124637178477,0.003778782894736842,0.04886262363179332,0.003093727731316361,0.40646340478247284,0.0,0.0,0.0,0.3575824499130249,1
False,False,234.8041737278109,False,0.001970433592195892,0.006928969359331476,0.2843761445621408,0.005356536076761702,0.363433660866832,0.0,0.0,0.0,0.5031024217605591,1
False,False,237.89913829183996,False,0.0018585584842715698,0.0016200838833883389,1.1471989218141416,0.0019629508366801277,0.6163872210255555,0.00019896538002387584,0.0,0.0,0.5113778710365295,0
False,False,406.6017707782395,False,0.01644291213357267,0.005064655172413793,3.246600523394774,0.04410454435814808,0.9497962075286251,0.016742478215597083,0.03960716948108774,0.0483454398708636,0.5019444227218628,1
False,False,271.01660465735307,False,0.008286422349723507,0.0024664594240837697,3.359642680033836,0.021621938830600793,0.9463158714750798,0.014030434175624738,0.018742857142857144,0.0,0.47363579273223877,1
False,False,253.74790639530408,False,0.003432799362254731,0.0022122352285395765,1.5517334314040911,0.0037754893208722233,0.7152376366845749,0.006893369880858686,0.0,0.0,0.4910737872123718,0
True,False,268.00186566514793,False,0.003641862906952663,0.004048494397759104,0.8995598237627507,0.004496293803426785,0.5801521960535825,0.0,0.0,0.0,0.5252091884613037,0
False,False,305.8970415025291,False,0.0229940021002166,0.0045213161021984555,5.085687791003142,0.2674714321695729,0.9930948254524371,0.019309688547015324,0.06267696267696268,0.15997366688610928,0.5513983964920044,0
False,False,177.15812146215595,False,0.0002046234967859719,0.0025669642857142857,0.079714197008796,0.0019482356023646724,0.22489465053684976,0.0,0.0,0.0,0.533639132976532,1
False,False,167.0748335327616,False,0.0,0.0016787574404761906,0.0,0.0016787574404761906,0.14225657842639478,0.0,0.0,0.0,0.533639132976532,1
False,False,146.32839779072276,False,0.0033734251934195436,0.0016154188948306596,2.088266519733367,0.004021516903068716,0.8141590900880159,0.006222438149338516,0.0,0.0,0.5095208883285522,1
False,False,196.69773765857096,False,0.0028629334368419786,0.0012626262626262627,2.267443281978847,0.003946821571079505,0.8472187087842685,0.005084017121175305,0.0,0.0,0.5095208883285522,1
False,False,344.47205982488623,False,0.0004989745226519463,0.000830078125,0.6011175425830506,0.0007775969160997255,0.5106769104064437,0.0,0.0,0.0,0.5270126461982727,0
False,False,405.4639318114498,False,0.0005892483615723328,0.0008541666666666667,0.6898517403773653,0.0009200967602116571,0.5516936773738137,0.0,0.0,0.0,0.536523163318634,0
False,False,227.705950734714,False,0.011954076111209098,0.017348090277777777,0.6890715876964164,0.013722722045040789,0.4270974174478777,0.003001909163987138,0.0,0.0,0.6088524460792542,1
False,False,277.1461708196597,False,0.010055531154490677,0.012876907023603916,0.7808964634176874,0.010156929160852238,0.4122657479006418,0.0049133106050937994,0.0,0.0,0.6200800538063049,1
False,False,144.22205101855957,False,0.0017756911203513374,0.0018709115472127418,0.9491047949309723,0.002197167781763329,0.5850503992460151,0.0,0.0,0.0,0.5739657282829285,1
False,False,46.010868281309364,False,0.0022226344508322077,0.0010434973637961336,2.1299856884606756,0.002410164113382151,0.7991424573331546,0.003690992682768892,0.00016342005490913844,0.0,0.5235704183578491,1
False,False,310.4834939252005,False,0.0003621455332348698,0.0012462797619047618,0.2905812517418896,0.00108728833941607,0.4449503861227637,0.0,0.0,0.0,0.5038914084434509,0
False,False,288.17355881482257,False,0.002857001845809631,0.0035482889461626575,0.8051773373471662,0.004403438490595053,0.618288549811411,0.0,0.0,0.0,0.38937774300575256,1
True,False,304.2581141070851,False,0.0018683912755907653,0.003066417691857059,0.6093074927634028,0.0035553260577391122,0.6012652471759261,0.0,0.0,0.0,0.4557904303073883,1
False,False,225.32199182503248,False,1.1620117125741096e-05,0.0013239059590316573,0.008777146931372968,0.0012168389786011056,0.2038002228911982,0.0,0.0,0.0,0.5080121159553528,0
False,False,250.57733337235433,False,1.050721412241231e-05,0.0010111416361416362,0.01039143651774271,0.0005626931383093293,0.10184215215338209,0.0,0.0,0.0,0.5902081727981567,0
False,True,0.0,True,0.12695803772961572,0.021179624664879357,5.994347857360337,0.43677430755884916,0.9816622313043788,0.21108003172880224,0.3012544467328216,0.3297962648556876,0.5378064513206482,1
False,False,283.7199323276389,False,0.05510456393716912,0.0203125,2.712840070752941,0.06554706141098202,0.8651592546796106,0.08010894592014377,0.0,0.0,0.5336624383926392,1
False,False,325.75143898377485,False,0.000755674762628411,0.00876234802431611,0.08624112629758168,0.0067954598993083025,0.31430883142408306,0.0,0.0,0.0,0.4589986801147461,0
False,False,255.0,False,0.0021855570771839024,0.004839341692789968,0.4516228065565441,0.0038051394306279542,0.4107339901908763,0.0,0.0,0.0,0.567116916179657,1
False,False,284.08449447303525,False,0.014978756366511607,0.004215976331360947,3.552855896056788,0.02454148005657291,0.9155355664925051,0.026062910473556862,0.0296709089539875,0.0,0.4726663827896118,1
False,False,302.00165562460086,False,0.0034453588674136703,0.0015496222527472527,2.223354021475592,0.006151342910027719,0.8866704409508933,0.006801183142108932,0.004403367850575825,0.0,0.576676607131958,1
False,False,307.25884853003015,False,0.0017618978486771066,0.0018302869496855346,0.9626347655376234,0.0019570980104687955,0.5752820734988121,0.0005970416585817275,0.0,0.0,0.5906398892402649,1
False,False,309.118100408242,False,0.00019359495049706433,0.0031637396694214875,0.06119180802650066,0.0019532581587938976,0.22214506684855428,0.0,0.0,0.0,0.5856789946556091,1
False,False,381.93324023970473,False,0.0004022952290035534,0.004212328767123288,0.09550423322685983,0.0027828658742032257,0.2621309394442175,0.0,0.0,0.0,0.5539939999580383,1
False,False,241.61539686038222,False,0.0075663976365860875,0.004600971778487753,1.6445216360516366,0.009849559909959131,0.7884014137194856,0.0023632357167949415,0.0,0.0,0.5805583596229553,1
False,False,269.8758974047145,False,0.004887191952273619,0.005378364833906071,0.9086761689099223,0.00621427024836144,0.5891652743749066,0.0,0.0,0.0,0.5712109804153442,0
False,False,190.53870997778904,False,0.015810045497849697,0.006053163322185061,2.6118650127785767,0.020026004563661264,0.8624001430641048,0.029019847041711632,0.0,0.0,0.4475255012512207,0
False,False,516.2111970889434,False,0.0031577523635935418,0.002575648414985591,1.2260028757112829,0.003872766691640279,0.689382029612405,0.0032427277062470196,0.0,0.0,0.590560793876648,0
False,False,199.4818287463798,False,0.0,0.0022296831955922864,0.0,0.0022296831955922864,0.13161663833789183,0.0,0.0,0.0,0.47427794337272644,0
False,False,145.6193668438371,False,0.0006536461561537577,0.0011420107033639144,0.5723642994136335,0.0010734198216552978,0.49250547414183665,0.0,0.0,0.0,0.5549467206001282,1
False,False,512.0956941822495,False,0.0021198403883219328,0.0017488143631436315,1.2121586104264108,0.0023832947504003627,0.6566204817737109,0.0,0.0,0.0,0.5581876635551453,1
False,False,7.0,True,0.005566802976049037,0.001323499177631579,4.206124998136312,0.21161282952029023,0.9971219489533879,0.004085410193693396,0.007865998014408269,0.0181636491888079,0.5158001780509949,1
False,False,57.0,False,0.02235845597082235,0.007522963258785943,2.972027803633134,0.03579376595296716,0.8973326366837879,0.03517980790708063,0.04523227383863081,0.006047625047247071,0.5381988286972046,0
False,False,49.76946855251722,False,0.004440304719361274,0.0025378184713375795,1.7496541890251796,0.006127296726683009,0.8113265055585717,0.008994044484057854,0.0,0.0,0.5283588767051697,0
True,False,514.5250236868951,False,0.0007222505103710614,0.001264613309352518,0.5711236035787522,0.0014005275660874783,0.5573086718503303,0.0,0.0,0.0,0.5531625151634216,0
False,False,292.138665705175,False,0.004020708168878354,0.005426646706586827,0.7409194639477904,0.008212900700424425,0.6877888478444222,0.0,0.0,0.0,0.39568206667900085,1
False,True,0.0,True,0.12039544388226935,0.018498411016949153,6.508420846090895,0.23778316998991042,0.9369140667914542,0.14819004524886878,0.20587879520987057,0.14527757750540735,0.4072675108909607,1
False,False,60.53924347066124,False,0.0023467449628744056,0.003210382513661202,0.7309860905634319,0.003997672315546669,0.6026028713626542,0.0,0.0,0.0,0.4666270315647125,0
False,False,266.0620228442985,False,0.009829291885324163,0.004997068156732892,1.967011771108322,0.010914022414301467,0.7818764906010603,0.017151820993592116,0.0,0.0,0.4724012315273285,0
False,False,281.82441342083905,False,0.011233274532314465,0.004954954954954955,2.267079041976192,0.02177588201826352,0.8963781543864974,0.02695115103874228,0.0,0.0,0.5798783302307129,1
False,False,128.3160161476345,False,0.0013276277085170279,0.0029825846354166667,0.44512658341766,0.002188028372861639,0.35253163151978506,0.0,0.0,0.0,0.6168792843818665,1
False,False,280.41754581338165,False,0.0002219749444216718,0.0024084944751381217,0.0921633604365823,0.0014749952400690527,0.22516151069060986,0.0,0.0,0.0,0.5787566900253296,1
False,False,154.72879499304582,False,0.008138663250977554,0.006448193215339233,1.2621618148192209,0.007924654531973675,0.6323700146286844,0.009236693312536556,0.00502108857200241,0.0,0.4695490002632141,0
False,False,213.9088590965788,False,0.0006845038193162919,0.0032690293296089384,0.20939054083010522,0.002842109613653033,0.4599257798948809,0.0,0.0,0.0,0.4636334776878357,0
False,False,157.88920165736477,False,0.012027700064991154,0.007210891222401723,1.6679907786745258,0.01830920774727754,0.819305799751137,0.021788852774768268,0.0,0.0,0.5972718000411987,0
False,False,280.40149785619906,False,0.010120736128620512,0.006352257853403142,1.5932502052319013,0.010501590635392775,0.7276093591467387,0.009466588511137164,0.0,0.0,0.5700446367263794,0
False,False,167.72000476985446,False,0.006513833391619536,0.0024671052631578946,2.640273801403119,0.009581366188231374,0.8805550941192635,0.0047984267453294,0.0,0.0,0.4541914165019989,0
False,False,49.193495504995376,False,0.008782484620510482,0.0020007621951219513,4.38956945604181,0.026199784156400056,0.9654871008069099,0.011472588707694829,0.02246710174387504,0.02644869750132908,0.5074029564857483,0
False,False,77.42092740338364,False,0.0067704448338603024,0.005366379310344827,1.2616411256671407,0.007135156595913615,0.6531893483665763,0.006297807930372733,0.0,0.0,0.5216881036758423,1
False,False,264.841462010766,False,0.016881684975008346,0.007728441455696203,2.1843582657362046,0.028266967615423258,0.875426599387178,0.024829179097295737,0.03129877251444721,0.00013292569453675395,0.5713067054748535,0
False,False,78.10249675906654,False,0.005033129475281522,0.005145155325443787,0.9782269255102417,0.005717336542859458,0.590257207846495,0.0020793980856838997,0.0,0.0,0.4538198709487915,0
False,False,409.7377209874629,False,0.0020788523030063175,0.0057664756446991405,0.3605065608691701,0.00432533591540302,0.35459799920242985,0.0,0.0,0.0,0.48939087986946106,0
False,False,330.34678748248785,False,0.003942137008516379,0.0026326943140323423,1.4973774157921282,0.005101699692218017,0.75463283666754,0.0,0.0,0.0,0.5185917019844055,0
False,False,109.59014554237986,False,0.0015039689647444413,0.001186650413711584,1.2674069358307087,0.0019628893545631854,0.718621797614321,0.0002085650723025584,0.0,0.0,0.529324471950531,0
False,False,87.64131445842195,False,0.0028646911368561128,0.007790834719911259,0.36770015535495054,0.007913824413090846,0.5563364670146542,0.0,0.0,0.0,0.2485254406929016,0
False,False,130.17296186228538,False,0.0015896309529957948,0.01141541204437401,0.13925305077176178,0.008090406624052202,0.327533156333172,0.0,0.0,0.0,0.4460274875164032,1
False,False,389.6832046675864,False,6.935060298628179e-05,0.008907331314878893,0.00778578909155853,0.007975946137099512,0.2680259028377425,0.0,0.0,0.0,0.4675979018211365,1
False,False,188.48076824970764,False,0.0,0.002727049304295221,0.0,0.002727049304295221,0.2361224983057434,0.0,0.0,0.0,0.3455737829208374,0
False,False,146.7310464761974,False,0.0008059007348217104,0.004678281710914454,0.17226425953390964,0.0036478404346212048,0.4250257369173665,0.0,0.0,0.0,0.3509065508842468,0
False,False,145.2067491544384,False,0.000514203344433368,0.006020969055374593,0.08540209054460536,0.0032831049760879694,0.09760903166272741,0.0,0.0,0.0,0.6313921213150024,1
False,False,174.15223225672418,False,0.005367565023546282,0.005512011400651466,0.9737942528406033,0.006154145775543325,0.5730926190560137,0.0,0.0,0.0,0.6313921213150024,1
False,False,6.324555320336759,True,0.013022358670087502,0.005687699044585987,2.2895653528790767,0.06685670380786984,0.9581783386041448,0.012179917521818356,0.038493921126191356,0.06851371639142896,0.6248762607574463,1
False,False,98.812954616285,False,0.009020427102719289,0.005851910828025477,1.5414498559204663,0.013213890425512643,0.7981301948962023,0.012531568683865605,0.014093298291721418,0.0,0.6248762607574463,1
False,False,190.4337155022713,False,0.0011177470587143499,0.004128086419753086,0.2707663902979061,0.0023749237495627245,0.13721266312055325,0.0,0.0,0.0,0.6259915232658386,1
False,False,321.1744074486633,False,0.006866969246744393,0.007123419943820225,0.9639989360309565,0.006962154071692349,0.5120896409938134,0.006885273320262774,0.0,0.0,0.5993303060531616,1
False,False,158.83639381451596,False,0.00441730141672038,0.0015921208530805687,2.7744762014600934,0.007202775991710299,0.8995785628045074,0.00958100958100958,0.0,0.0,0.4268350303173065,1
False,False,297.22886804615734,False,0.0013359271766204977,0.0020875336021505377,0.6399548132994126,0.0021598064084590966,0.5537140251424238,0.0,0.0,0.0,0.4433565139770508,1
False,False,160.4306703844374,False,0.0012649274746119128,0.006846816976127321,0.18474679241789488,0.004649712277981183,0.2757001434345916,0.0,0.0,0.0,0.5657696723937988,1
False,False,212.1508896988179,False,0.017546752997047575,0.012392979452054795,1.4158623489154796,0.018063891678118622,0.6550487876221116,0.021445517111784464,0.017030500077411363,0.0,0.5935249328613281,1
False,False,135.09256086106296,False,0.00562069050861967,0.004953778135048231,1.134627017074705,0.006421937083916419,0.651148868142196,0.003258637621640925,0.0,0.0,0.48181408643722534,0
False,True,0.0,True,0.06963902273381724,0.006912878787878788,10.073809316015206,0.8473999385275467,0.9980882564452498,0.08793735968898866,0.24867559987535057,0.5379550735863672,0.3578009307384491,0
False,False,2.23606797749979,True,0.035114285115827884,0.008263548474945533,4.249298618177384,0.3906556187836604,0.9923749780420045,0.028918604997468504,0.05389354498529167,0.13811250977882086,0.5258187651634216,0
False,False,70.21395872616783,False,0.0014685685098599088,0.001026684997179921,1.4303983343418332,0.0018319565533244167,0.737679001927602,0.0021748372960068026,0.0,0.0,0.5701813101768494,0
False,False,316.0838496348714,False,0.0012116920059439462,0.0011116425736961452,1.0900014398649223,0.0012838255726393582,0.5910349318383487,0.0,0.0,0.0,0.5244350433349609,0
False,False,202.87188075236054,False,1.1598604544734677e-08,0.0011153875612745097,1.0398721437669078e-05,0.0009255871458877682,0.2826838844547152,0.0,0.0,0.0,0.35313093662261963,0
False,False,428.981351576033,False,0.0,0.0012070407542579076,0.0,0.0012070407542579076,0.1384017356716688,0.0,0.0,0.0,0.48552241921424866,0
False,False,379.97105152892897,False,0.001358975996237232,0.0029488968633705477,0.4608421586789378,0.0023277964404199167,0.37241851411730426,0.0,0.0,0.0,0.563470721244812,1
False,False,427.44941221155045,False,0.0029403180591920895,0.001555798100490196,1.8899097885938179,0.004889039669631886,0.8517301726805445,0.007652640749723327,0.0,0.0,0.6356290578842163,0
False,False,132.4009063413087,False,0.002225261182683125,0.0013020833333333333,1.7090005883006398,0.002899352482642197,0.7866077191621269,0.004512098373661245,0.0,0.0,0.5806682705879211,0
False,False,298.390683500675,False,0.0029430344711106793,0.002064443005181347,1.4255828151827104,0.003318963359595385,0.7051831147138059,0.0025172762109381265,0.0,0.0,0.5518573522567749,0
False,False,106.83164325236227,False,0.004447576999594079,0.00307646977260122,1.4456755074286198,0.004241690898323252,0.6715243607476198,0.004986218992733651,0.0,0.0,0.5430387258529663,0
False,False,180.20543831971332,False,0.002860743941368453,0.0013936980609418283,2.0526281994216378,0.00580932782758927,0.8843455824832864,0.0,0.0,0.0,0.5712172985076904,0
False,False,12.0,True,0.015051343811592817,0.0040564041881812965,3.7105138229188994,0.03042946950928179,0.9415783557116526,0.015344704805181594,0.03174436142972395,0.03155577299412916,0.45737534761428833,0
False,False,221.8828519737386,False,0.002267129072228196,0.002754859855334539,0.8229562269159006,0.0030471039198015607,0.589221624363077,0.0,0.0,0.0,0.5345555543899536,0
False,False,115.0,False,0.0016420075725651169,0.001752708731676227,0.936839956856243,0.002030526882010788,0.5898491631448161,0.0,0.0,0.0,0.4204070568084717,0
False,False,274.3446737226732,False,0.0027909500966177667,0.0016515395220588235,1.6899081489364203,0.0028598775013239726,0.7360718842692285,0.0024676497141137527,0.0,0.0,0.45310670137405396,0
False,False,350.90739519138094,False,1.1858514224381319e-07,0.0006068840579710145,0.0001953999955778653,0.0005892102178957322,0.11752926452904915,0.0,0.0,0.0,0.5507293343544006,1
False,False,138.2244551445221,False,0.0004510367446577266,0.0012460443037974683,0.36197488587134374,0.0008546776951465844,0.30862844358819363,0.0,0.0,0.0,0.5659874677658081,0
False,False,397.57515012887814,False,0.0038261891458065,0.002333797770700637,1.6394690207703075,0.006518886845744821,0.836556786139069,0.004657120727662702,0.005996632028586684,0.0,0.597842276096344,0
False,False,279.58898404622454,False,0.0008899466360665638,0.0037429793625914317,0.23776423801877816,0.002688436750195762,0.32320219965639313,0.0,0.0,0.0,0.4465028941631317,1
False,False,13.601470508735444,True,0.01871968285722369,0.005042989417989418,3.712021046573406,0.09133284188850072,0.9743051942081498,0.018246537644701025,0.04442987727156852,0.08191910169707796,0.3846566677093506,1
False,False,361.00554012369395,False,0.002282681619338122,0.0037423823696145124,0.6099541398740749,0.003205717541252348,0.47859170403400486,0.0003624965349595923,0.0,0.0,0.5144056677818298,0
True,False,280.07141946296485,False,0.0037881392575876936,0.004215440356744705,0.8986342913206375,0.005126363391883703,0.6286294343275478,0.0,0.0,0.0,0.47136664390563965,0
True,False,331.54939300200806,False,7.254686058238363e-05,0.0036739864864864867,0.01974608802977982,0.003217601300272237,0.2189101842861408,0.0,0.0,0.0,0.4662501811981201,0
False,False,473.8575735387164,False,0.0033476729352641486,0.002968480138169257,1.12773971171953,0.004253231036555558,0.6724144834366509,0.0,0.0,0.0,0.6014139652252197,1
False,False,329.75748664738455,False,0.004068802856418909,0.0027584204413472705,1.475048109211234,0.006473872224991073,0.8028618935855982,0.0,0.0,0.0,0.5672464966773987,1
True,False,234.4120304079976,False,0.0011218175696270942,0.0007958333333333333,1.4096137000549875,0.0013623114187001869,0.7201973499023078,0.0023477063769113526,0.0,0.0,0.6181430816650391,0
False,False,241.9442084448396,False,0.005574758956316544,0.0038773148148148148,1.4377885785843267,0.006202955440372377,0.6977078945451676,0.0,0.0,0.0,0.5877122282981873,1
False,False,16.0,False,0.03620993169331262,0.005812949143173024,6.229184326485828,0.10208669714996411,0.9758938983249823,0.05606230996709567,0.11101302140807769,0.08108108108108109,0.4131495952606201,1
False,False,86.34813257969161,False,0.018513340458040886,0.00979235084838533,1.8905920288889124,0.018879328791446843,0.7676642849839522,0.01839711622868456,0.0,0.0,0.42478230595588684,1
False,False,55.57877292636101,False,0.012469497255204954,0.0034058051601423486,3.661247977756831,0.017026326778440983,0.9048113042206742,0.018553852227120204,0.017880892566868627,0.00024648755237860487,0.4551441967487335,0
False,False,310.2208890452092,False,0.00480068966450214,0.003662986526946108,1.310594409558081,0.005887989767552761,0.7005428235911598,0.00828074541522235,0.0,0.0,0.6093365550041199,0
False,False,402.369233416274,False,0.002259209386281066,0.0028794642857142855,0.7845936473286184,0.002723494969425009,0.5107352375914936,0.0,0.0,0.0,0.5832048058509827,0
False,False,219.73848092675985,False,0.0029313536150525794,0.0014636671686746989,2.002746032560682,0.004424240079147288,0.8476363765650081,0.003064653103422811,0.0,0.0,0.52139812707901,0
False,False,218.16049138191818,False,0.001572633335339727,0.0014883306962025316,1.0566424110933768,0.0018732134010229072,0.6191411063756811,0.0,0.0,0.0,0.546206533908844,0
False,False,195.020511741714,False,0.010743893875929804,0.005789930555555556,1.8556170532340528,0.01319635266089633,0.8033740293727304,0.017032317277653246,0.0,0.0,0.5736216902732849,0
False,False,389.57540990160044,False,0.001034724106342504,0.005739703757225434,0.18027482778008186,0.0037094427119538044,0.13836555402818218,0.0,0.0,0.0,0.5878168940544128,0
False,False,122.97154142320898,False,0.005044832625287383,0.00354801619989017,1.421874180124529,0.005082639836124621,0.6863847225992428,0.004031966442467636,0.002428197442804568,0.0,0.42661845684051514,0
False,False,176.2554963681984,False,0.006008831047077443,0.0042060718201754384,1.4286087599014916,0.007182990524819524,0.7249560807161712,0.0,0.0,0.0,0.5000988245010376,0
False,False,272.9688626931651,False,0.0002325409502297469,0.00251421272308578,0.09249056298798033,0.0017461305178505966,0.2912856637253059,0.0,0.0,0.0,0.5082582831382751,0
False,False,297.9748311518944,False,0.0012160162474982327,0.002010233918128655,0.6049128096645754,0.002025591471993367,0.5168137807760816,0.0,0.0,0.0,0.47855067253112793,0
False,False,328.9635238138113,False,0.026318822230327922,0.011826508620689655,2.225409296559846,0.03579689365056667,0.8497899447479739,0.04572519746549779,0.003768139180630161,0.0,0.5203836560249329,0
False,False,284.42925306655786,False,0.010090969082577454,0.00612987822769953,1.6461940527592622,0.011650577907281958,0.7640080799597899,0.012874461959190748,0.011308853345348051,0.0,0.5806387662887573,1
False,False,338.04437578519185,False,0.011971265445567977,0.005506817552602437,2.17389904989871,0.018315063527664443,0.8608850172336096,0.017036709894139534,0.009685890658572354,0.0,0.5629057288169861,1
False,False,67.95586803212802,False,0.013724605653060513,0.0029484792054624456,4.654808359385366,0.021012742106805607,0.9351758972455457,0.025632377740303542,0.012635533168274567,0.0,0.39406296610832214,0
False,False,42.190046219457976,False,0.009469338938232512,0.0017409605834885163,5.439146082938858,0.015992931782916116,0.9510567627992346,0.015134907251264755,0.0213739115137655,0.0,0.39406296610832214,0
False,False,20.615528128088304,False,0.01615220752639443,0.0018573479205462446,8.696382270503245,0.17539937891501545,0.9946722528802923,0.016146711635750422,0.034035368346218786,0.07916666666666666,0.39406296610832214,0
False,False,198.75864761061342,False,4.1802480745990384e-05,0.0009225092250922509,0.04531388912865358,0.0007260897679145767,0.37115055834487537,0.0,0.0,0.0,0.5270124077796936,0
False,False,234.138847695123,False,0.008738192933150573,0.0035699185116851166,2.447728962033328,0.012527162985670796,0.8665351803887744,0.0,0.0,0.0,0.5270124077796936,0
False,False,179.44915714485816,False,0.0011282605877993162,0.0016864621771217711,0.6690103123005587,0.0020293461382086043,0.6063012000579682,0.0,0.0,0.0,0.5270124077796936,0
False,False,282.39157211220027,False,0.0015806432187606533,0.0014558348708487085,1.0857297420271197,0.002340717572286338,0.6945696489533472,0.0,0.0,0.0,0.5270124077796936,0
False,False,225.07776433935007,False,0.0017977593427566396,0.0008258258258258258,2.1769231314107675,0.00262022351428977,0.8382141602316273,0.004291736502615674,0.0,0.0,0.37231168150901794,0
False,False,221.0,False,0.008416945895083093,0.003347570645905421,2.5143445158889404,0.04217266157655153,0.9639389920144397,0.0074762029341329415,0.017427814134590575,0.0449909338168631,0.5834945440292358,0
False,False,119.26860441876563,False,0.0014719470927047292,0.0031954575596816978,0.46063734698806363,0.002156044655676218,0.31920760908505336,0.0,0.0,0.0,0.6180351972579956,1
False,False,224.86440358580546,False,0.004027444859676092,0.0018546388101983002,2.171552130544207,0.007648442511985174,0.8829555698724788,0.011440897796466702,0.0,0.0,0.4655669629573822,1
False,False,327.0535124410071,False,0.002883365522891899,0.0017630597014925372,1.6354327198624954,0.0033326542806908495,0.7563199258702524,0.0046880979716800615,0.0,0.0,0.5060387849807739,1
False,False,379.0514476954283,False,0.0017178111140155174,0.0012193991097922848,1.4087357455166039,0.0018937637382503156,0.692853745457281,0.0024296474152839115,0.0,0.0,0.567848265171051,1
False,False,325.0384592629002,False,0.011076344735001275,0.003395833333333333,3.2617456888347314,0.01864502332718456,0.9184088443681002,0.02441860465116279,0.0,0.0,0.43999192118644714,1
False,False,172.44709333589824,False,0.005831480727116057,0.005513649425287356,1.0576444523968145,0.006470388455821623,0.5998322448069242,0.0,0.0,0.0,0.5917286276817322,0
False,False,370.1675296402968,False,0.01006839753492672,0.003694315159574468,2.725375908666779,0.014489535747116247,0.8820010575370147,0.021633959361897437,0.0,0.0,0.5323992371559143,0
False,False,230.09780529157595,False,0.007573373545838555,0.006401209677419355,1.1831159933026532,0.007898974369022331,0.6236866609213727,0.007562468327291155,0.0,0.0,0.5504391193389893,1
False,False,81.34494452638098,False,0.00585561870983058,0.003444220430107527,1.7001289054103224,0.006520919985246751,0.7563160942276472,0.007853755339544584,0.0,0.0,0.4853171110153198,0
False,True,0.0,True,0.03191219057245176,0.00494881156930126,6.448455376723417,0.5281163597331453,0.9915541001788251,0.02580133439089255,0.06796534136299391,0.20009189065012634,0.4181262254714966,0
False,False,266.4301034042512,False,0.002476407594368025,0.0019112723214285714,1.2956853749218982,0.002700133128622185,0.6744776724945356,0.0007433635243255932,0.0,0.0,0.5785343647003174,0
False,False,344.28040896920055,False,0.0039046203841043565,0.0019102239884393063,2.0440641556881056,0.005729597428167589,0.8384962279090862,0.007941275860774227,0.0,0.0,0.563129723072052,0
False,False,241.49741199441456,False,0.012797078883201267,0.008302864107251676,1.5412848768684975,0.01513387362787541,0.7492084307488842,0.01666204382454333,0.0,0.0,0.5617346167564392,0
False,False,403.7078151336682,False,0.011935725559523807,0.007632372654155496,1.5638289822006164,0.012024205755198348,0.7176856877705633,0.00016546246759693343,0.0,0.0,0.42554402351379395,1
False,False,112.17842929904127,False,0.02234060603934828,0.007239856020942409,3.085780431920829,0.033878989769124186,0.905155956738029,0.040401839748244975,0.027203367534859246,0.0,0.40218037366867065,1
True,False,226.68480319597958,False,0.004711627370564261,0.0078125,0.6030883034322254,0.007380462894316346,0.5103073613298338,0.0,0.0,0.0,0.42784583568573,0
False,False,364.9273900380732,False,0.015570603319743845,0.006179775280898876,2.519606719013095,0.019102646754146305,0.8539369920543407,0.025490622058078064,0.0010947573287921177,0.0,0.40858194231987,0
False,False,199.6922632452244,False,0.003809509971201062,0.0027016129032258066,1.410087272922184,0.00403222208253521,0.686066155759934,0.006795251075484129,0.0,0.0,0.5575854182243347,1
False,False,221.93918085818015,False,6.144369591514321e-05,0.012117635951661631,0.005070600912607689,0.010063040915765492,0.12186310222818213,0.0,0.0,0.0,0.555514395236969,1
False,False,272.0018382290826,False,5.567193431622677e-07,0.0059221311475409835,9.400658804954555e-05,0.005340669651416659,0.12408307458394731,0.0,0.0,0.0,0.5180080533027649,1
